치유원,사이트제목,성별,연령,직업,소득,결혼,자녀,주거,시도,구,동,자동차
산림치유원,"[복권기금이야기] 기금투어, 국립산림치유원 숲 체험 캠프",F,4,"사무직 (일반사무직, 공무원, 직업군인)",400~499만원,예    ,자녀 있음 ,아파트/ 주상복합,경기,동두천시,생연1동,"준중형차 (아반떼, K3, 크루즈, 제타급 등)"
산림치유원,국립산림치유원 마실치유숲길,F,2,무직,100만원 미만,아니오,          ,단독주택,경기,파주시,탄현면,
산림치유원,영주 국립산림치유원에서 제대로 힐링하세요!,F,5,,,      ,          ,,충남,예산군,예산읍,
산림치유원,국립산림치유원에서 치유를 경험하다,F,4,,,      ,          ,,서울,영등포구,여의도동,
산림치유원,이낙연 국무총리 경북 영주시노인복지관 소수서원 국립산림치유원 웰니스 관광,M,4,"사무직 (일반사무직, 공무원, 직업군인)",700~799만원,예    ,자녀 있음 ,아파트/ 주상복합,인천,연수구,송도동,"중형차 (쏘나타, K5, 말리부, 골프급 등)"
산림치유원,영주 국립산림치유원 숲 체험 프로그램 등산 힐링캠프,M,3,기타 ,200~299만원,아니오,          ,아파트/ 주상복합,부산,연제구,거제2동,"준중형SUV (투싼, 스포티지, QM5, 티구안급 등)"
산림치유원,국립산림치유원 1박2일 팸투어 힐링♥,F,3,"전문직 (의사, 판검사, 예술가, 종교인)",400~499만원,예    ,자녀 있음 ,연립주택/ 다세대/ 빌라,경남,진주시,하대동,
산림치유원,영주여행 무섬마을 산림치유원여행,F,3,"전문직 (의사, 판검사, 예술가, 종교인)",400~499만원,예    ,자녀 있음 ,연립주택/ 다세대/ 빌라,경남,진주시,하대동,
산림치유원,지덕권 산림치유원 등 4대 국가사업 본격 추진,F,4,"사무직 (일반사무직, 공무원, 직업군인)",400~499만원,예    ,자녀 없음 ,연립주택/ 다세대/ 빌라,서울,동작구,상도3동,"준중형차 (아반떼, K3, 크루즈, 제타급 등)"
산림치유원,국립산림치유원 영주 소백산으로 gfa 대가대 치유및 복지원예사과정에서 견학을 다녀왔어요.,M,4,"관리직 (사장, 간부, 고위공무원)",500~599만원,아니오,          ,연립주택/ 다세대/ 빌라,경기,성남시 분당구,정자동,"중형SUV (싼타페, 쏘렌토, 캡티바, BMW X3급 등)"
산림치유원,해라이트-국립산림치유원,F,5,"주부 (전업주부, 파트타임 근무 주부)",700~799만원,예    ,자녀 있음 ,아파트/ 주상복합,경기,부천시 소사구,심곡본동,"중형차 (쏘나타, K5, 말리부, 골프급 등)"
산림치유원,국립 지덕권산림치유원 조성 본격 착수 - 전라북도 주간 소식,M,5,"자영업 (도소매업, 숙박업, 미용업)",500~599만원,예    ,자녀 있음 ,연립주택/ 다세대/ 빌라,부산,금정구,남산동,"준대형차 (그랜저, K7, 알페온, 캠리급, 파사트급 등)"
산림치유원,국립 산림 치유원 데크로드,M,2,"사무직 (일반사무직, 공무원, 직업군인)",600~699만원,아니오,          ,아파트/ 주상복합,서울,관악구,은천동,
산림치유원,국립산림치유원에서 건강치유체험하기,F,3,,,      ,          ,,서울,금천구,독산1동,
산림치유원,국립산림치유원,M,4,,,      ,          ,,서울,용산구,이촌1동,
산림치유원,"영주 국립산림치유원,홍천 힐리언스 선마을~나의 웰니스 라이프, 나의 웰니스 여행, My Wellness Life",F,4,,,      ,          ,,대구,달서구,상인동,
산림치유원,"국립산림치유원 고도원 원장님과의 만남, 한국산림복지진흥원 블로그기자단 팸투어 #1",F,5,,,      ,          ,,대전,동구,가오동,
산림치유원,국립산림치유원 따라 서원 여행,M,3,"사무직 (일반사무직, 공무원, 직업군인)",500~599만원,아니오,          ,아파트/ 주상복합,경기,수원시 장안구,이목동,"중형차 (쏘나타, K5, 말리부, 골프급 등)"
산림치유원,해라이트-국립산림치유원,F,2,"학생 (초중고학생, 대학생, 대학원생)",300~399만원,아니오,          ,연립주택/ 다세대/ 빌라,대구,달서구,진천동,
산림치유원,경북 영주 가볼만한곳 국립산림치유원 먹었던 밥 네 끼 / 두 그릇은 기본,F,5,,,      ,          ,,충남,예산군,예산읍,
산림치유원,20180908 영주 국립산림치유원의 야생화,F,3,"교직 (교사, 유치원교사, 학원강사)",200~299만원,아니오,          ,아파트/ 주상복합,경기,수원시 영통구,영통1동,"준중형SUV (투싼, 스포티지, QM5, 티구안급 등)"
산림치유원,국립산림치유원에서 맞이한 행복한 추석 연휴,F,3,기타 ,900~999만원,아니오,          ,단독주택,대구,남구,대명3동,
산림치유원,영주 국립산림치유원,F,4,"사무직 (일반사무직, 공무원, 직업군인)",400~499만원,예    ,자녀 없음 ,연립주택/ 다세대/ 빌라,서울,동작구,상도3동,"준중형차 (아반떼, K3, 크루즈, 제타급 등)"
산림치유원,<국립산림치유원 제1차 산림치유 콜로키움 후기> : 풍기역에서 산림치유원 걸어가기,F,3,"전문직 (의사, 판검사, 예술가, 종교인)",500~599만원,예    ,자녀 없음 ,아파트/ 주상복합,경기,의정부시,호원2동,
산림치유원,이낙연 국무총리 경북 영주시노인복지관 소수서원 국립산림치유원 웰니스 관광,M,4,"관리직 (사장, 간부, 고위공무원)",500~599만원,아니오,          ,연립주택/ 다세대/ 빌라,경기,성남시 분당구,정자동,"중형SUV (싼타페, 쏘렌토, 캡티바, BMW X3급 등)"
산림치유원,영주 이야기 6. 산림치유원 다스림 데크로드,F,2,무직,900~999만원,예    ,자녀 없음 ,단독주택,전북,익산시,동산동,
산림치유원,영주 국립산림치유원에서 제대로 힐링하세요!,F,4,"전문직 (의사, 판검사, 예술가, 종교인)","1,000만원 이상",예    ,자녀 있음 ,단독주택,서울,마포구,도화동,
산림치유원,영주여행 산림치유원에서의하룻밤,F,3,"사무직 (일반사무직, 공무원, 직업군인)",200~299만원,예    ,자녀 없음 ,연립주택/ 다세대/ 빌라,인천,서구,검암동,
산림치유원,"국립산림치유원, 다스림 데크로드 유아숲체험 현장",F,4,"주부 (전업주부, 파트타임 근무 주부)",200~299만원,예    ,자녀 있음 ,연립주택/ 다세대/ 빌라,충북,충주시,지현동,
산림치유원,"국립산림치유원, 웰니스관광 2회 연속선정",F,2,"학생 (초중고학생, 대학생, 대학원생)",100만원 미만,아니오,          ,아파트/ 주상복합,인천,부평구,삼산2동,
산림치유원,국립산림치유원 마실치유숲길(다스림 데크로드),F,3,"주부 (전업주부, 파트타임 근무 주부)",300~399만원,예    ,자녀 있음 ,연립주택/ 다세대/ 빌라,경기,용인시 처인구,마평동,
치유의숲,치유의 숲 - Daum 검색,M,5,"자영업 (도소매업, 숙박업, 미용업)",400~499만원,예    ,자녀 있음 ,단독주택,강원,횡성군,서원면,"중형차 (쏘나타, K5, 말리부, 골프급 등)"
치유의숲,강원 국립대관령치유의숲 !,M,5,"자영업 (도소매업, 숙박업, 미용업)",400~499만원,예    ,자녀 있음 ,단독주택,강원,횡성군,서원면,"중형차 (쏘나타, K5, 말리부, 골프급 등)"
치유의숲,국립 양평 치유의 숲 - Daum 검색,M,5,"자영업 (도소매업, 숙박업, 미용업)",400~499만원,예    ,자녀 있음 ,단독주택,강원,횡성군,서원면,"중형차 (쏘나타, K5, 말리부, 골프급 등)"
양평치유의숲,워크샵 국립양평치유의숲에서 진짜 치유되더라는~ : 네이버 블로그,M,5,"자영업 (도소매업, 숙박업, 미용업)",400~499만원,예    ,자녀 있음 ,단독주택,강원,횡성군,서원면,"중형차 (쏘나타, K5, 말리부, 골프급 등)"
치유의숲,국립 양평치유의 숲 : 네이버 카페,M,5,"자영업 (도소매업, 숙박업, 미용업)",400~499만원,예    ,자녀 있음 ,단독주택,강원,횡성군,서원면,"중형차 (쏘나타, K5, 말리부, 골프급 등)"
양평치유의숲,"산림치유 프로그램,국립 양평치유의 숲 : 네이버 카페",M,5,"자영업 (도소매업, 숙박업, 미용업)",400~499만원,예    ,자녀 있음 ,단독주택,강원,횡성군,서원면,"중형차 (쏘나타, K5, 말리부, 골프급 등)"
치유의숲,산림치유 힐링프로그램/양평치유의숲 : 네이버 카페,M,5,"자영업 (도소매업, 숙박업, 미용업)",400~499만원,예    ,자녀 있음 ,단독주택,강원,횡성군,서원면,"중형차 (쏘나타, K5, 말리부, 골프급 등)"
양평치유의숲,워크샵 국립양평치유의숲에서 진짜 치유되더라는~ : 네이버 블로그,M,5,"자영업 (도소매업, 숙박업, 미용업)",400~499만원,예    ,자녀 있음 ,단독주택,강원,횡성군,서원면,"중형차 (쏘나타, K5, 말리부, 골프급 등)"
치유의숲,워크샵 국립양평치유의숲에서 진짜 치유되더라는~ : 네이버 블로그,M,5,"자영업 (도소매업, 숙박업, 미용업)",400~499만원,예    ,자녀 있음 ,단독주택,강원,횡성군,서원면,"중형차 (쏘나타, K5, 말리부, 골프급 등)"
양평치유의숲,워크샵 국립양평치유의숲에서 진짜 치유되더라는~ : 네이버 블로그,M,5,"자영업 (도소매업, 숙박업, 미용업)",400~499만원,예    ,자녀 있음 ,단독주택,강원,횡성군,서원면,"중형차 (쏘나타, K5, 말리부, 골프급 등)"
치유의숲,워크샵 국립양평치유의숲에서 진짜 치유되더라는~ : 네이버 블로그,M,5,"자영업 (도소매업, 숙박업, 미용업)",400~499만원,예    ,자녀 있음 ,단독주택,강원,횡성군,서원면,"중형차 (쏘나타, K5, 말리부, 골프급 등)"
양평치유의숲,워크샵 국립양평치유의숲에서 진짜 치유되더라는~ : 네이버 블로그,M,5,"자영업 (도소매업, 숙박업, 미용업)",400~499만원,예    ,자녀 있음 ,단독주택,강원,횡성군,서원면,"중형차 (쏘나타, K5, 말리부, 골프급 등)"
치유의숲,워크샵 국립양평치유의숲에서 진짜 치유되더라는~ : 네이버 블로그,M,5,"자영업 (도소매업, 숙박업, 미용업)",400~499만원,예    ,자녀 있음 ,단독주택,강원,횡성군,서원면,"중형차 (쏘나타, K5, 말리부, 골프급 등)"
양평치유의숲,국립양평치유의숲 - Daum 백과,M,5,"자영업 (도소매업, 숙박업, 미용업)",400~499만원,예    ,자녀 있음 ,단독주택,강원,횡성군,서원면,"중형차 (쏘나타, K5, 말리부, 골프급 등)"
숲체원,국립횡성숲체원,M,5,"자영업 (도소매업, 숙박업, 미용업)",400~499만원,예    ,자녀 있음 ,단독주택,강원,횡성군,서원면,"중형차 (쏘나타, K5, 말리부, 골프급 등)"
횡성숲체원,[모집] 국립횡성숲체원 프로그램안내,M,5,"자영업 (도소매업, 숙박업, 미용업)",400~499만원,예    ,자녀 있음 ,단독주택,강원,횡성군,서원면,"중형차 (쏘나타, K5, 말리부, 골프급 등)"
숲체원,공지사항 | 열린 공간 | 국립횡성숲체원,M,5,"자영업 (도소매업, 숙박업, 미용업)",400~499만원,예    ,자녀 있음 ,단독주택,강원,횡성군,서원면,"중형차 (쏘나타, K5, 말리부, 골프급 등)"
횡성숲체원,새소식 | 열린 공간 | 국립횡성숲체원,M,5,"자영업 (도소매업, 숙박업, 미용업)",400~499만원,예    ,자녀 있음 ,단독주택,강원,횡성군,서원면,"중형차 (쏘나타, K5, 말리부, 골프급 등)"
숲체원,새소식 | 열린 공간 | 국립횡성숲체원,M,5,"자영업 (도소매업, 숙박업, 미용업)",400~499만원,예    ,자녀 있음 ,단독주택,강원,횡성군,서원면,"중형차 (쏘나타, K5, 말리부, 골프급 등)"
횡성숲체원,국립횡성숲체원,M,5,"자영업 (도소매업, 숙박업, 미용업)",400~499만원,예    ,자녀 있음 ,단독주택,강원,횡성군,서원면,"중형차 (쏘나타, K5, 말리부, 골프급 등)"
숲체원,숙박시설 | 시설/이용안내 | 국립횡성숲체원,M,5,"자영업 (도소매업, 숙박업, 미용업)",400~499만원,예    ,자녀 있음 ,단독주택,강원,횡성군,서원면,"중형차 (쏘나타, K5, 말리부, 골프급 등)"
횡성숲체원,이용요금안내 | 예약 및 상담 | 국립횡성숲체원,M,5,"자영업 (도소매업, 숙박업, 미용업)",400~499만원,예    ,자녀 있음 ,단독주택,강원,횡성군,서원면,"중형차 (쏘나타, K5, 말리부, 골프급 등)"
숲체원,찾아오시는 길 | 숲체원소개 | 국립횡성숲체원,M,5,"자영업 (도소매업, 숙박업, 미용업)",400~499만원,예    ,자녀 있음 ,단독주택,강원,횡성군,서원면,"중형차 (쏘나타, K5, 말리부, 골프급 등)"
횡성숲체원,숲체원 안내도 | 시설/이용안내 | 국립횡성숲체원,M,5,"자영업 (도소매업, 숙박업, 미용업)",400~499만원,예    ,자녀 있음 ,단독주택,강원,횡성군,서원면,"중형차 (쏘나타, K5, 말리부, 골프급 등)"
숲체원,자주하는 질문 | 고객센터 | 국립횡성숲체원,M,5,"자영업 (도소매업, 숙박업, 미용업)",400~499만원,예    ,자녀 있음 ,단독주택,강원,횡성군,서원면,"중형차 (쏘나타, K5, 말리부, 골프급 등)"
횡성숲체원,새소식 | 열린 공간 | 국립횡성숲체원,M,5,"자영업 (도소매업, 숙박업, 미용업)",400~499만원,예    ,자녀 있음 ,단독주택,강원,횡성군,서원면,"중형차 (쏘나타, K5, 말리부, 골프급 등)"
숲체원,새소식 | 열린 공간 | 국립횡성숲체원,M,5,"자영업 (도소매업, 숙박업, 미용업)",400~499만원,예    ,자녀 있음 ,단독주택,강원,횡성군,서원면,"중형차 (쏘나타, K5, 말리부, 골프급 등)"
횡성숲체원,새소식 | 열린 공간 | 국립횡성숲체원,M,5,"자영업 (도소매업, 숙박업, 미용업)",400~499만원,예    ,자녀 있음 ,단독주택,강원,횡성군,서원면,"중형차 (쏘나타, K5, 말리부, 골프급 등)"
숲체원,새소식 | 열린 공간 | 국립횡성숲체원,M,5,"자영업 (도소매업, 숙박업, 미용업)",400~499만원,예    ,자녀 있음 ,단독주택,강원,횡성군,서원면,"중형차 (쏘나타, K5, 말리부, 골프급 등)"
치유의숲,치유의 숲 - Daum 검색,M,5,"자영업 (도소매업, 숙박업, 미용업)",400~499만원,예    ,자녀 있음 ,단독주택,강원,횡성군,서원면,"중형차 (쏘나타, K5, 말리부, 골프급 등)"
치유의숲,횡성 치유의 숲 - Daum 검색,M,5,"자영업 (도소매업, 숙박업, 미용업)",400~499만원,예    ,자녀 있음 ,단독주택,강원,횡성군,서원면,"중형차 (쏘나타, K5, 말리부, 골프급 등)"
치유의숲,치유의 숲 국립횡성숲체원 : 네이버 블로그,M,5,"자영업 (도소매업, 숙박업, 미용업)",400~499만원,예    ,자녀 있음 ,단독주택,강원,횡성군,서원면,"중형차 (쏘나타, K5, 말리부, 골프급 등)"
치유의숲,치유의 숲- 산음자연휴양림(경기도 양평) : 네이버 블로그,M,5,"자영업 (도소매업, 숙박업, 미용업)",400~499만원,예    ,자녀 있음 ,단독주택,강원,횡성군,서원면,"중형차 (쏘나타, K5, 말리부, 골프급 등)"
치유의숲,치유의 숲- 산음자연휴양림(경기도 양평) : 네이버 블로그,M,5,"자영업 (도소매업, 숙박업, 미용업)",400~499만원,예    ,자녀 있음 ,단독주택,강원,횡성군,서원면,"중형차 (쏘나타, K5, 말리부, 골프급 등)"
치유의숲,치유의 숲- 산음자연휴양림(경기도 양평) : 네이버 블로그,M,5,"자영업 (도소매업, 숙박업, 미용업)",400~499만원,예    ,자녀 있음 ,단독주택,강원,횡성군,서원면,"중형차 (쏘나타, K5, 말리부, 골프급 등)"
치유의숲,치유의 숲- 산음자연휴양림(경기도 양평) : 네이버 블로그,M,5,"자영업 (도소매업, 숙박업, 미용업)",400~499만원,예    ,자녀 있음 ,단독주택,강원,횡성군,서원면,"중형차 (쏘나타, K5, 말리부, 골프급 등)"
치유의숲,횡성 치유의 숲 - Daum 검색,M,5,"자영업 (도소매업, 숙박업, 미용업)",400~499만원,예    ,자녀 있음 ,단독주택,강원,횡성군,서원면,"중형차 (쏘나타, K5, 말리부, 골프급 등)"
숲체원,국립횡성 숲체원 - Daum 검색,M,5,"자영업 (도소매업, 숙박업, 미용업)",400~499만원,예    ,자녀 있음 ,단독주택,강원,횡성군,서원면,"중형차 (쏘나타, K5, 말리부, 골프급 등)"
횡성숲체원,국립횡성숲체원,M,5,"자영업 (도소매업, 숙박업, 미용업)",400~499만원,예    ,자녀 있음 ,단독주택,강원,횡성군,서원면,"중형차 (쏘나타, K5, 말리부, 골프급 등)"
숲체원,산림치유란? | 산림치유 | 국립횡성숲체원,M,5,"자영업 (도소매업, 숙박업, 미용업)",400~499만원,예    ,자녀 있음 ,단독주택,강원,횡성군,서원면,"중형차 (쏘나타, K5, 말리부, 골프급 등)"
횡성숲체원,이용요금안내 | 예약 및 상담 | 국립횡성숲체원,M,5,"자영업 (도소매업, 숙박업, 미용업)",400~499만원,예    ,자녀 있음 ,단독주택,강원,횡성군,서원면,"중형차 (쏘나타, K5, 말리부, 골프급 등)"
숲체원,자주하는 질문 | 고객센터 | 국립횡성숲체원,M,5,"자영업 (도소매업, 숙박업, 미용업)",400~499만원,예    ,자녀 있음 ,단독주택,강원,횡성군,서원면,"중형차 (쏘나타, K5, 말리부, 골프급 등)"
산림치유원,국립 지덕권산림치유원 조성 본격 착수 - 전라북도 주간 소식,M,2,"서비스직 (요식업, 숙박업, 미용실종업원)",200~299만원,아니오,          ,단독주택,서울,관악구,삼성동,"준중형차 (아반떼, K3, 크루즈, 제타급 등)"
산림치유원,경북영주 가볼만한곳 국립산림치유원 이용후기,M,3,,,      ,          ,,전남,여수시,오림동,
산림치유원,조달청 나라장터 여행상품 영주 국립산림치유원(2018 가을여행주간),M,5,,,      ,          ,,대전,서구,갈마1동,
산림치유원,#송현초 #가족캠프 #영주산림치유원,F,5,,,      ,          ,,대전,동구,가오동,
산림치유원,국립 산림 치유원 데크로드,M,3,"사무직 (일반사무직, 공무원, 직업군인)",500~599만원,아니오,          ,아파트/ 주상복합,경기,수원시 장안구,이목동,"중형차 (쏘나타, K5, 말리부, 골프급 등)"
산림치유원,"국립산림치유원, 웰니스관광 2회 연속선정",F,4,,,      ,          ,,서울,영등포구,여의도동,
산림치유원,영주 국립산림치유원 숲 체험 프로그램 등산 힐링캠프,M,4,"생산/노무직 (생산감독, 경비원, 공장근로자)",400~499만원,아니오,          ,단독주택,강원,태백시,통동,
산림치유원,지리산 덕유산 산림치유원 조성 MOU(업무협약)체결,M,3,,,      ,          ,,부산,기장군,정관면,
산림치유원,국립산림치유원 마실치유숲길(다스림 데크로드),F,4,,,      ,          ,,충남,천안시 서북구,두정동,
산림치유원,[181206] 국립산림치유원(#다스림),F,3,"주부 (전업주부, 파트타임 근무 주부)",500~599만원,예    ,자녀 없음 ,아파트/ 주상복합,서울,구로구,신도림동,
산림치유원,국립산림치유원_문필마을 주변,M,5,기타 ,100~199만원,예    ,자녀 있음 ,아파트/ 주상복합,경기,부천시 오정구,원종동,"준중형차 (아반떼, K3, 크루즈, 제타급 등)"
산림치유원,영주여행 무섬마을 산림치유원여행,M,2,"학생 (초중고학생, 대학생, 대학원생)",300~399만원,아니오,          ,연립주택/ 다세대/ 빌라,서울,성북구,삼선동3가,
산림치유원,영주여행 무섬마을 산림치유원여행,F,5,"주부 (전업주부, 파트타임 근무 주부)",700~799만원,예    ,자녀 있음 ,아파트/ 주상복합,경기,부천시 소사구,심곡본동,"중형차 (쏘나타, K5, 말리부, 골프급 등)"
산림치유원,"[웰니스관광서포터즈] 힐링과 치유의 중심지, 국립산림치유원 프로그램 안내 (2) : 데크로드 / 주치마을",F,4,"주부 (전업주부, 파트타임 근무 주부)",400~499만원,예    ,자녀 있음 ,연립주택/ 다세대/ 빌라,충북,청주시 흥덕구,수곡2동,"경차 (모닝, 스파크 등)"
산림치유원,#송현초 #가족캠프 #영주산림치유원,F,3,"사무직 (일반사무직, 공무원, 직업군인)",600~699만원,예    ,자녀 있음 ,아파트/ 주상복합,서울,강남구,수서동,"준중형SUV (투싼, 스포티지, QM5, 티구안급 등)"
산림치유원,국립산림치유원 1박2일 팸투어 힐링♥,F,2,"사무직 (일반사무직, 공무원, 직업군인)",400~499만원,아니오,          ,아파트/ 주상복합,경기,성남시 분당구,삼평동,
산림치유원,국립 지덕권산림치유원 조상 본격 착수 - 전라북도 주간 소식,F,2,"사무직 (일반사무직, 공무원, 직업군인)",400~499만원,아니오,          ,아파트/ 주상복합,경기,성남시 분당구,삼평동,
산림치유원,[영주가볼만한곳] 영주 국립산림치유원,F,3,무직,100만원 미만,아니오,          ,연립주택/ 다세대/ 빌라,서울,관악구,난곡동,
산림치유원,"국립산림치유원 고도원 원장님과의 만남, 한국산림복지진흥원 블로그기자단 팸투어 #1",F,3,"주부 (전업주부, 파트타임 근무 주부)",300~399만원,예    ,자녀 있음 ,아파트/ 주상복합,인천,부평구,산곡2동,"준중형차 (아반떼, K3, 크루즈, 제타급 등)"
치유의숲,"임신 30주 - 횡성 청태산 치유의 숲, 숲태교 다녀오기 (산림청 무료 프로그램) : 네이버 블로그",M,3,"사무직 (일반사무직, 공무원, 직업군인)",200~299만원,아니오,          ,연립주택/ 다세대/ 빌라,경기,이천시,장호원읍,"소형SUV/CUV (티볼리, QM3 등)"
치유의숲,"임신 30주 - 횡성 청태산 치유의 숲, 숲태교 다녀오기 (산림청 무료 프로그램) : 네이버 블로그",M,3,"사무직 (일반사무직, 공무원, 직업군인)",200~299만원,아니오,          ,연립주택/ 다세대/ 빌라,경기,이천시,장호원읍,"소형SUV/CUV (티볼리, QM3 등)"
치유의숲,산림청 > 휴양복지 > 산림치유 > 치유의 숲 > 숲태교 프로그램 예약,M,3,"사무직 (일반사무직, 공무원, 직업군인)",200~299만원,아니오,          ,연립주택/ 다세대/ 빌라,경기,이천시,장호원읍,"소형SUV/CUV (티볼리, QM3 등)"
치유의숲,산림청 > 휴양복지 > 산림치유 > 치유의 숲 > 치유의 숲 소개,M,3,"사무직 (일반사무직, 공무원, 직업군인)",200~299만원,아니오,          ,연립주택/ 다세대/ 빌라,경기,이천시,장호원읍,"소형SUV/CUV (티볼리, QM3 등)"
치유의숲,산림청 > 휴양복지 > 산림치유 > 치유의 숲 > 숲태교 프로그램 예약,M,3,"사무직 (일반사무직, 공무원, 직업군인)",200~299만원,아니오,          ,연립주택/ 다세대/ 빌라,경기,이천시,장호원읍,"소형SUV/CUV (티볼리, QM3 등)"
치유의숲,산림청 > 휴양복지 > 산림치유 > 치유의 숲 > 숲태교 프로그램 예약,M,3,"사무직 (일반사무직, 공무원, 직업군인)",200~299만원,아니오,          ,연립주택/ 다세대/ 빌라,경기,이천시,장호원읍,"소형SUV/CUV (티볼리, QM3 등)"
치유의숲,산림청 > 휴양복지 > 산림치유 > 치유의 숲 > 숲태교 프로그램 예약,M,3,"사무직 (일반사무직, 공무원, 직업군인)",200~299만원,아니오,          ,연립주택/ 다세대/ 빌라,경기,이천시,장호원읍,"소형SUV/CUV (티볼리, QM3 등)"
치유의숲,"산림청, 국공립 치유의 숲 등 22곳서 숲태교 서비스 제공 - No.1 육아신문 베이비뉴스",M,3,"사무직 (일반사무직, 공무원, 직업군인)",200~299만원,아니오,          ,연립주택/ 다세대/ 빌라,경기,이천시,장호원읍,"소형SUV/CUV (티볼리, QM3 등)"
산림치유원,영주 국립산림치유원 숲 체험 프로그램 등산 힐링캠프,F,3,"주부 (전업주부, 파트타임 근무 주부)",300~399만원,예    ,자녀 있음 ,연립주택/ 다세대/ 빌라,서울,동작구,상도4동,
산림치유원,국립 산림 치유원 데크로드,F,3,"사무직 (일반사무직, 공무원, 직업군인)",400~499만원,아니오,          ,아파트/ 주상복합,경기,의정부시,녹양동,"MPV (카니발, 올란도, 피카소급, 오딧세이 등)"
산림치유원,국립산림치유원 1박2일 팸투어 힐링♥,M,4,"사무직 (일반사무직, 공무원, 직업군인)",400~499만원,아니오,          ,아파트/ 주상복합,대구,북구,칠성동2가,"중형SUV (싼타페, 쏘렌토, 캡티바, BMW X3급 등)"
산림치유원,영주 이야기 6. 산림치유원 다스림 데크로드,M,3,,,      ,          ,,서울,강서구,화곡4동,
산림치유원,경북 영주 가볼만한곳 국립산림치유원 먹었던 밥 네 끼 / 두 그릇은 기본,F,5,,,      ,          ,,서울,서대문구,연희동,
산림치유원,<국립산림치유원 제1차 산림치유 콜로키움 후기> : 풍기역에서 산림치유원 걸어가기,M,4,"생산/노무직 (생산감독, 경비원, 공장근로자)",200~299만원,예    ,자녀 있음 ,단독주택,인천,부평구,삼산1동,
산림치유원,[181206] 국립산림치유원(#다스림),F,4,,,      ,          ,,대전,중구,산성동,
산림치유원,국립산림치유원에서 치유를 경험하다,F,3,"교직 (교사, 유치원교사, 학원강사)",800~899만원,아니오,          ,아파트/ 주상복합,대구,북구,학정동,"준중형SUV (투싼, 스포티지, QM5, 티구안급 등)"
산림치유원,국립 산림 치유원 데크로드,F,2,"학생 (초중고학생, 대학생, 대학원생)",100만원 미만,아니오,          ,기타 ,강원,춘천시,효자동,
산림치유원,[영주가볼만한곳] 영주 국립산림치유원,M,3,"판매직 (상점점원, 보험설계사, 노점상)",200~299만원,아니오,          ,연립주택/ 다세대/ 빌라,경기,부천시 원미구,심곡2동,
산림치유원,국립산림치유원에서 맞이한 행복한 추석 연휴,F,4,"판매직 (상점점원, 보험설계사, 노점상)",500~599만원,예    ,자녀 있음 ,아파트/ 주상복합,충남,태안군,태안읍,"경차 (모닝, 스파크 등)"
산림치유원,지리산 덕유산 산림치유원 조성 MOU(업무협약)체결,F,4,"판매직 (상점점원, 보험설계사, 노점상)",500~599만원,예    ,자녀 있음 ,아파트/ 주상복합,충남,태안군,태안읍,"경차 (모닝, 스파크 등)"
산림치유원,조달청 나라장터 여행상품 영주 국립산림치유원(2018 가을여행주간),M,2,"학생 (초중고학생, 대학생, 대학원생)",200~299만원,아니오,          ,연립주택/ 다세대/ 빌라,강원,강릉시,내곡동,
치유의숲,[주간정책노트] “치유의 숲에서 아토피 이겨내요” - 대한민국 정책브리핑 | 뉴스 | 정책뉴스,M,4,"자영업 (도소매업, 숙박업, 미용업)",200~299만원,예    ,자녀 있음 ,연립주택/ 다세대/ 빌라,경기,의정부시,호원동,
산림치유원,해라이트-국립산림치유원,F,3,"주부 (전업주부, 파트타임 근무 주부)",300~399만원,예    ,자녀 있음 ,아파트/ 주상복합,인천,부평구,산곡2동,"준중형차 (아반떼, K3, 크루즈, 제타급 등)"
산림치유원,"영주 국립산림치유원,홍천 힐리언스 선마을~나의 웰니스 라이프, 나의 웰니스 여행, My Wellness Life",F,3,,,      ,          ,,충남,서산시,지곡면,
산림치유원,이낙연 국무총리 경북 영주시노인복지관 소수서원 국립산림치유원 웰니스 관광,M,5,,,      ,          ,,인천,계양구,계산1동,
산림치유원,영주여행 산림치유원에서의하룻밤,M,5,,,      ,          ,,인천,계양구,계산1동,
산림치유원,#송현초 #가족캠프 #영주산림치유원,M,3,기타 ,400~499만원,아니오,          ,연립주택/ 다세대/ 빌라,경기,부천시 오정구,고강본동,"준중형SUV (투싼, 스포티지, QM5, 티구안급 등)"
산림치유원,영주여행 산림치유원에서의하룻밤,F,4,"주부 (전업주부, 파트타임 근무 주부)",500~599만원,예    ,자녀 있음 ,아파트/ 주상복합,경기,수원시 장안구,정자동,
산림치유원,"[웰니스관광서포터즈] 힐링과 치유의 중심지, 국립산림치유원 프로그램 안내 (2) : 데크로드 / 주치마을",M,4,,,      ,          ,,서울,서초구,양재1동,
산림치유원,국립산림치유원에서 건강치유체험하기,F,5,,,      ,          ,,서울,송파구,잠실3동,
산림치유원,국립산림치유원 따라 서원 여행,F,4,"사무직 (일반사무직, 공무원, 직업군인)",600~699만원,예    ,자녀 있음 ,아파트/ 주상복합,서울,금천구,시흥4동,
산림치유원,국립 산림 치유원 데크로드,F,5,,,      ,          ,,대전,대덕구,송촌동,
산림치유원,영주 국립산림치유원에서 제대로 힐링하세요!,M,4,"사무직 (일반사무직, 공무원, 직업군인)",400~499만원,아니오,          ,아파트/ 주상복합,대구,북구,칠성동2가,"중형SUV (싼타페, 쏘렌토, 캡티바, BMW X3급 등)"
산림치유원,국립산림치유원 영주 소백산으로 gfa 대가대 치유및 복지원예사과정에서 견학을 다녀왔어요.,F,4,,,      ,          ,,대전,중구,산성동,
산림치유원,"국립산림치유원, 다스림 데크로드 유아숲체험 현장",F,2,"사무직 (일반사무직, 공무원, 직업군인)",400~499만원,아니오,          ,오피스텔,서울,관악구,신림동,
산림치유원,"[복권기금이야기] 기금투어, 국립산림치유원 숲 체험 캠프",F,5,"사무직 (일반사무직, 공무원, 직업군인)",800~899만원,예    ,자녀 있음 ,아파트/ 주상복합,서울,중랑구,망우본동,"준대형차 (그랜저, K7, 알페온, 캠리급, 파사트급 등)"
산림치유원,국립산림치유원 마실치유숲길,M,4,"사무직 (일반사무직, 공무원, 직업군인)",200~299만원,예    ,자녀 없음 ,단독주택,서울,강북구,번2동,
산림치유원,"국립산림치유원, 다스림 데크로드 유아숲체험 현장",F,4,"사무직 (일반사무직, 공무원, 직업군인)",400~499만원,예    ,자녀 있음 ,아파트/ 주상복합,서울,노원구,상계8동,
산림치유원,국립산림치유원 마실치유숲길(다스림 데크로드),F,2,"학생 (초중고학생, 대학생, 대학원생)",100만원 미만,아니오,          ,기타 ,강원,춘천시,효자동,
산림치유원,"국립산림치유원, 웰니스관광 2회 연속선정",M,2,"학생 (초중고학생, 대학생, 대학원생)",200~299만원,아니오,          ,연립주택/ 다세대/ 빌라,강원,강릉시,내곡동,
산림치유원,국립산림치유원_문필마을 주변,M,2,"학생 (초중고학생, 대학생, 대학원생)",200~299만원,아니오,          ,연립주택/ 다세대/ 빌라,강원,강릉시,내곡동,
산림치유원,국립산림치유원 마실치유숲길,F,3,"주부 (전업주부, 파트타임 근무 주부)",300~399만원,예    ,자녀 있음 ,아파트/ 주상복합,인천,부평구,산곡2동,"준중형차 (아반떼, K3, 크루즈, 제타급 등)"
산림치유원,영주여행 무섬마을 산림치유원여행,F,5,,,      ,          ,,경북,포항시 북구,두호동,
산림치유원,국립산림치유원_문필마을 주변,M,3,,,      ,          ,,서울,서초구,방배3동,
산림치유원,20180908 영주 국립산림치유원의 야생화,F,2,,,      ,          ,,경기,화성시,봉담읍,
산림치유원,영주 국립산림치유원,F,2,,,      ,          ,,경기,화성시,봉담읍,
산림치유원,이낙연 국무총리 경북 영주시노인복지관 소수서원 국립산림치유원 웰니스 관광,M,5,,,      ,          ,,서울,중랑구,묵2동,
산림치유원,국립산림치유원,F,3,"전문직 (의사, 판검사, 예술가, 종교인)",600~699만원,예    ,자녀 없음 ,아파트/ 주상복합,부산,기장군,정관면,"중형SUV (싼타페, 쏘렌토, 캡티바, BMW X3급 등)"
산림치유원,지덕권 산림치유원 등 4대 국가사업 본격 추진,F,3,"전문직 (의사, 판검사, 예술가, 종교인)",600~699만원,예    ,자녀 없음 ,아파트/ 주상복합,부산,기장군,정관면,"중형SUV (싼타페, 쏘렌토, 캡티바, BMW X3급 등)"
산림치유원,국립 지덕권산림치유원 조성 본격 착수 - 전라북도 주간 소식,F,4,,,      ,          ,,서울,강남구,압구정동,
산림치유원,국립산림치유원 마실치유숲길,F,2,,,      ,          ,,경기,평택시,팽성읍,
산림치유원,영주여행 무섬마을 산림치유원여행,F,3,,,      ,          ,,광주,북구,운암동,
산림치유원,국립산림치유원 1박2일 팸투어 힐링♥,M,3,"사무직 (일반사무직, 공무원, 직업군인)",200~299만원,아니오,          ,연립주택/ 다세대/ 빌라,경기,부천시 소사구,계수동,
산림치유원,국립 지덕권산림치유원 조상 본격 착수 - 전라북도 주간 소식,F,5,"서비스직 (요식업, 숙박업, 미용실종업원)",300~399만원,아니오,          ,아파트/ 주상복합,인천,중구,중산동,
산림치유원,국립산림치유원,F,4,"사무직 (일반사무직, 공무원, 직업군인)",400~499만원,예    ,자녀 있음 ,연립주택/ 다세대/ 빌라,제주,제주시,조천읍,
산림치유원,경북영주 가볼만한곳 국립산림치유원 이용후기,F,3,"전문직 (의사, 판검사, 예술가, 종교인)",300~399만원,예    ,자녀 있음 ,아파트/ 주상복합,서울,구로구,개봉1동,
산림치유원,국립산림치유원 1박2일 팸투어 힐링♥,F,4,,,      ,          ,,경기,부천시 원미구,상동,
산림치유원,영주 국립산림치유원 숲 체험 프로그램 등산 힐링캠프,F,4,"주부 (전업주부, 파트타임 근무 주부)","1,000만원 이상",예    ,자녀 있음 ,아파트/ 주상복합,서울,서초구,반포본동,"스포츠 (제네시스 쿠페, BMW M, 벤츠 AMG 등)"
다스림,"중소기업뉴스 모바일 사이트, [조윤제의 인문경영학]‘마음 다스림’이 만사의 근본",F,5,"서비스직 (요식업, 숙박업, 미용실종업원)",500~599만원,예    ,자녀 있음 ,아파트/ 주상복합,대구,수성구,매호동,
다스림,"중소기업뉴스 모바일 사이트, [조윤제의 인문경영학]‘마음 다스림’이 만사의 근본",F,5,"서비스직 (요식업, 숙박업, 미용실종업원)",500~599만원,예    ,자녀 있음 ,아파트/ 주상복합,대구,수성구,매호동,
산림치유원,영주 국립산림치유원 숲 체험 프로그램 등산 힐링캠프 : 네이버 블로그,F,3,"교직 (교사, 유치원교사, 학원강사)",100~199만원,예    ,자녀 없음 ,아파트/ 주상복합,대구,달서구,대곡동,
산림치유원,영주 국립산림치유원 숲 체험 프로그램 등산 힐링캠프 : 네이버 블로그,F,3,"교직 (교사, 유치원교사, 학원강사)",100~199만원,예    ,자녀 없음 ,아파트/ 주상복합,대구,달서구,대곡동,
산림치유원,국립산림치유원 1박2일 팸투어 힐링♥,M,4,,,      ,          ,,서울,노원구,월계1동,
산림치유원,국립 지덕권산림치유원 조상 본격 착수 - 전라북도 주간 소식,F,4,"사무직 (일반사무직, 공무원, 직업군인)",500~599만원,예    ,자녀 있음 ,단독주택,서울,구로구,개봉1동,"준중형차 (아반떼, K3, 크루즈, 제타급 등)"
산림치유원,국립산림치유원 1박2일 팸투어 힐링♥,M,3,"사무직 (일반사무직, 공무원, 직업군인)",700~799만원,아니오,          ,연립주택/ 다세대/ 빌라,서울,동작구,신대방2동,"준중형SUV (투싼, 스포티지, QM5, 티구안급 등)"
산림치유원,영주여행 산림치유원에서의하룻밤,M,4,"사무직 (일반사무직, 공무원, 직업군인)",200~299만원,예    ,자녀 있음 ,단독주택,서울,노원구,공릉동,"준대형차 (그랜저, K7, 알페온, 캠리급, 파사트급 등)"
산림치유원,영주 국립산림치유원에서 제대로 힐링하세요!,F,3,,,      ,          ,,서울,중랑구,면목동,
산림치유원,영주여행 무섬마을 산림치유원여행,F,5,"전문직 (의사, 판검사, 예술가, 종교인)",700~799만원,예    ,자녀 있음 ,아파트/ 주상복합,경기,고양시 일산동구,중산동,
산림치유원,"국립산림치유원, 웰니스관광 2회 연속선정",M,5,"전문직 (의사, 판검사, 예술가, 종교인)",400~499만원,예    ,자녀 있음 ,아파트/ 주상복합,부산,북구,화명1동,"중형차 (쏘나타, K5, 말리부, 골프급 등)"
산림치유원,영주 국립산림치유원 숲 체험 프로그램 등산 힐링캠프,F,3,,,      ,          ,,부산,동래구,사직3동,
산림치유원,국립 산림 치유원 데크로드,F,4,"주부 (전업주부, 파트타임 근무 주부)",100~199만원,아니오,          ,단독주택,경북,의성군,금성면,
산림치유원,조달청 나라장터 여행상품 영주 국립산림치유원(2018 가을여행주간),F,3,"사무직 (일반사무직, 공무원, 직업군인)",200~299만원,아니오,          ,아파트/ 주상복합,서울,마포구,성산동,
산림치유원,<국립산림치유원 제1차 산림치유 콜로키움 후기> : 풍기역에서 산림치유원 걸어가기,F,4,"교직 (교사, 유치원교사, 학원강사)",700~799만원,예    ,자녀 있음 ,단독주택,강원,원주시,우산동,"경차 (모닝, 스파크 등)"
산림치유원,지리산 덕유산 산림치유원 조성 MOU(업무협약)체결,F,5,,,      ,          ,,경기,용인시 처인구,역북동,
산림치유원,"국립산림치유원, 웰니스관광 2회 연속선정",F,4,"주부 (전업주부, 파트타임 근무 주부)",400~499만원,예    ,자녀 있음 ,아파트/ 주상복합,경기,용인시 기흥구,중동,"준중형차 (아반떼, K3, 크루즈, 제타급 등)"
산림치유원,국립산림치유원_문필마을 주변,F,4,"사무직 (일반사무직, 공무원, 직업군인)",400~499만원,예    ,자녀 있음 ,연립주택/ 다세대/ 빌라,서울,강서구,내발산동,
산림치유원,국립산림치유원 1박2일 팸투어 힐링♥,F,5,"주부 (전업주부, 파트타임 근무 주부)",500~599만원,예    ,자녀 있음 ,아파트/ 주상복합,인천,동구,송현1동,"준중형차 (아반떼, K3, 크루즈, 제타급 등)"
산림치유원,[영주가볼만한곳] 영주 국립산림치유원,F,2,,,      ,          ,,인천,남동구,간석1동,
산림치유원,국립산림치유원 마실치유숲길,F,2,,,      ,          ,,,,,
산림치유원,20180908 영주 국립산림치유원의 야생화,M,4,"생산/노무직 (생산감독, 경비원, 공장근로자)",300~399만원,예    ,자녀 있음 ,아파트/ 주상복합,경기,김포시,마산동,"중형차 (쏘나타, K5, 말리부, 골프급 등)"
산림치유원,영주여행 산림치유원에서의하룻밤,M,4,"생산/노무직 (생산감독, 경비원, 공장근로자)",300~399만원,예    ,자녀 있음 ,아파트/ 주상복합,경기,김포시,마산동,"중형차 (쏘나타, K5, 말리부, 골프급 등)"
산림치유원,[영주가볼만한곳] 영주 국립산림치유원,M,4,,,      ,          ,,서울,관악구,신림동,
산림치유원,지덕권 산림치유원 등 4대 국가사업 본격 추진,F,3,,,      ,          ,,경기,평택시,안중읍,
산림치유원,국립 지덕권산림치유원 조상 본격 착수 - 전라북도 주간 소식,F,4,,,      ,          ,,서울,성북구,장위1동,
산림치유원,영주 국립산림치유원 숲 체험 프로그램 등산 힐링캠프,F,3,,,      ,          ,,서울,영등포구,도림동,
산림치유원,"영주 국립산림치유원,홍천 힐리언스 선마을~나의 웰니스 라이프, 나의 웰니스 여행, My Wellness Life",F,3,"전문직 (의사, 판검사, 예술가, 종교인)",700~799만원,아니오,          ,아파트/ 주상복합,대구,달서구,용산1동,"준중형차 (아반떼, K3, 크루즈, 제타급 등)"
산림치유원,국립 산림 치유원 데크로드,F,5,,,      ,          ,,서울,성북구,종암동,
산림치유원,경북 영주 가볼만한곳 국립산림치유원 먹었던 밥 네 끼 / 두 그릇은 기본,F,3,,,      ,          ,,서울,노원구,상계8동,
산림치유원,국립산림치유원에서 맞이한 행복한 추석 연휴,M,3,,,      ,          ,,충남,아산시,배방읍,
산림치유원,[181206] 국립산림치유원(#다스림),F,3,,,      ,          ,,서울,양천구,목3동,
산림치유원,국립 지덕권산림치유원 조상 본격 착수 - 전라북도 주간 소식,M,3,,,      ,          ,,강원,속초시,노학동,
치유의숲,문화 이모저모 | 조선왕릉 속 치유의 숲길 개방,M,3,"생산/노무직 (생산감독, 경비원, 공장근로자)",100만원 미만,아니오,          ,연립주택/ 다세대/ 빌라,서울,성북구,석관동,"경차 (모닝, 스파크 등)"
치유의숲,조선왕릉 속 치유의 숲길 개방 | 다음 뉴스,M,3,"생산/노무직 (생산감독, 경비원, 공장근로자)",100만원 미만,아니오,          ,연립주택/ 다세대/ 빌라,서울,성북구,석관동,"경차 (모닝, 스파크 등)"
산림치유원,경북영주 가볼만한곳 국립산림치유원 이용후기,F,4,"주부 (전업주부, 파트타임 근무 주부)",400~499만원,예    ,자녀 있음 ,아파트/ 주상복합,경기,수원시 팔달구,화서동,
산림치유원,해라이트-국립산림치유원,M,3,"생산/노무직 (생산감독, 경비원, 공장근로자)",300~399만원,아니오,          ,기타 ,인천,연수구,연수동,"준중형차 (아반떼, K3, 크루즈, 제타급 등)"
산림치유원,국립산림치유원,M,3,,,      ,          ,,충북,청주시 흥덕구,가경동,
산림치유원,국립 지덕권산림치유원 조성 본격 착수 - 전라북도 주간 소식,F,3,"교직 (교사, 유치원교사, 학원강사)",100~199만원,아니오,          ,연립주택/ 다세대/ 빌라,경기,평택시,이충동,
산림치유원,20180908 영주 국립산림치유원의 야생화,F,3,,,      ,          ,,서울,성북구,동선동3가,
산림치유원,해라이트-국립산림치유원,F,3,,,      ,          ,,서울,성북구,동선동3가,
산림치유원,#송현초 #가족캠프 #영주산림치유원,M,3,기타 ,600~699만원,아니오,          ,아파트/ 주상복합,부산,수영구,광안2동,"경차 (모닝, 스파크 등)"
산림치유원,조달청 나라장터 여행상품 영주 국립산림치유원(2018 가을여행주간),F,5,"주부 (전업주부, 파트타임 근무 주부)",300~399만원,예    ,자녀 있음 ,아파트/ 주상복합,부산,북구,금곡동,
산림치유원,"[웰니스관광서포터즈] 힐링과 치유의 중심지, 국립산림치유원 프로그램 안내 (2) : 데크로드 / 주치마을",F,5,"주부 (전업주부, 파트타임 근무 주부)",300~399만원,예    ,자녀 있음 ,아파트/ 주상복합,부산,북구,금곡동,
산림치유원,국립산림치유원에서 맞이한 행복한 추석 연휴,F,4,"판매직 (상점점원, 보험설계사, 노점상)",300~399만원,예    ,자녀 있음 ,아파트/ 주상복합,대구,동구,신천1.2동,
산림치유원,20180908 영주 국립산림치유원의 야생화,M,5,,,      ,          ,,서울,강서구,화곡동,
산림치유원,[181206] 국립산림치유원(#다스림),F,2,"학생 (초중고학생, 대학생, 대학원생)","1,000만원 이상",아니오,          ,아파트/ 주상복합,광주,동구,동명동,
산림치유원,영주여행 무섬마을 산림치유원여행,M,2,,,      ,          ,,경기,용인시 수지구,죽전1동,
산림치유원,영주 국립산림치유원 숲 체험 프로그램 등산 힐링캠프,M,2,"주부 (전업주부, 파트타임 근무 주부)",200~299만원,예    ,자녀 있음 ,연립주택/ 다세대/ 빌라,인천,남구,주안1동,
산림치유원,영주 국립산림치유원,F,3,,,      ,          ,,대전,서구,둔산동,
산림치유원,국립산림치유원에서 건강치유체험하기,F,3,,,      ,          ,,경기,평택시,안중읍,
산림치유원,국립산림치유원 마실치유숲길(다스림 데크로드),M,4,"교직 (교사, 유치원교사, 학원강사)",300~399만원,아니오,          ,아파트/ 주상복합,대전,서구,가수원동,"준대형차 (그랜저, K7, 알페온, 캠리급, 파사트급 등)"
산림치유원,국립산림치유원에서 건강치유체험하기,F,4,,,      ,          ,,서울,성북구,장위1동,
산림치유원,이낙연 국무총리 경북 영주시노인복지관 소수서원 국립산림치유원 웰니스 관광,F,4,,,      ,          ,,서울,성북구,장위1동,
산림치유원,국립산림치유원 영주 소백산으로 gfa 대가대 치유및 복지원예사과정에서 견학을 다녀왔어요.,F,4,,,      ,          ,,대구,동구,율하동,
산림치유원,국립산림치유원에서 치유를 경험하다,F,4,,,      ,          ,,대구,동구,율하동,
산림치유원,국립산림치유원 따라 서원 여행,F,3,"전문직 (의사, 판검사, 예술가, 종교인)",700~799만원,아니오,          ,아파트/ 주상복합,대구,달서구,용산1동,"준중형차 (아반떼, K3, 크루즈, 제타급 등)"
산림치유원,"[웰니스관광서포터즈] 힐링과 치유의 중심지, 국립산림치유원 프로그램 안내 (2) : 데크로드 / 주치마을",F,2,,,      ,          ,,서울,동작구,신대방동,
산림치유원,국립산림치유원 1박2일 팸투어 힐링♥,M,5,"전문직 (의사, 판검사, 예술가, 종교인)",400~499만원,예    ,자녀 있음 ,아파트/ 주상복합,부산,북구,화명1동,"중형차 (쏘나타, K5, 말리부, 골프급 등)"
산림치유원,국립산림치유원 따라 서원 여행,F,2,,,      ,          ,,경남,진주시,초전동,
산림치유원,국립산림치유원 영주 소백산으로 gfa 대가대 치유및 복지원예사과정에서 견학을 다녀왔어요.,M,2,,,      ,          ,,서울,광진구,구의1동,
산림치유원,국립 산림 치유원 데크로드,F,4,"사무직 (일반사무직, 공무원, 직업군인)",500~599만원,예    ,자녀 있음 ,아파트/ 주상복합,경북,상주시,신봉동,
산림치유원,영주 국립산림치유원,F,4,"사무직 (일반사무직, 공무원, 직업군인)",500~599만원,예    ,자녀 있음 ,아파트/ 주상복합,경북,상주시,신봉동,
산림치유원,경북 영주 가볼만한곳 국립산림치유원 먹었던 밥 네 끼 / 두 그릇은 기본,F,2,,,      ,          ,,서울,동작구,신대방2동,
산림치유원,"국립산림치유원 고도원 원장님과의 만남, 한국산림복지진흥원 블로그기자단 팸투어 #1",F,5,"주부 (전업주부, 파트타임 근무 주부)",800~899만원,예    ,자녀 있음 ,아파트/ 주상복합,서울,강남구,삼성1동,"준중형차 (아반떼, K3, 크루즈, 제타급 등)"
산림치유원,"국립산림치유원, 다스림 데크로드 유아숲체험 현장",F,3,,,      ,          ,,서울,양천구,목3동,
산림치유원,국립 지덕권산림치유원 조성 본격 착수 - 전라북도 주간 소식,M,3,,,      ,          ,,강원,속초시,노학동,
산림치유원,"[복권기금이야기] 기금투어, 국립산림치유원 숲 체험 캠프",F,4,"주부 (전업주부, 파트타임 근무 주부)",400~499만원,예    ,자녀 있음 ,아파트/ 주상복합,경기,수원시 팔달구,화서동,
산림치유원,국립산림치유원 마실치유숲길,F,3,,,      ,          ,,서울,성북구,동선동3가,
산림치유원,국립산림치유원 따라 서원 여행,F,4,"서비스직 (요식업, 숙박업, 미용실종업원)",900~999만원,아니오,          ,아파트/ 주상복합,경기,안산시 상록구,이동,
산림치유원,영주 이야기 6. 산림치유원 다스림 데크로드,F,2,"주부 (전업주부, 파트타임 근무 주부)",200~299만원,예    ,자녀 없음 ,아파트/ 주상복합,울산,북구,산하동,"준중형차 (아반떼, K3, 크루즈, 제타급 등)"
산림치유원,조달청 나라장터 여행상품 영주 국립산림치유원(2018 가을여행주간),F,3,"주부 (전업주부, 파트타임 근무 주부)",100만원 미만,예    ,자녀 있음 ,아파트/ 주상복합,서울,성동구,옥수동,
산림치유원,"국립산림치유원, 웰니스관광 2회 연속선정",F,5,"주부 (전업주부, 파트타임 근무 주부)",900~999만원,예    ,자녀 있음 ,연립주택/ 다세대/ 빌라,서울,송파구,잠실본동,
산림치유원,이낙연 국무총리 경북 영주시노인복지관 소수서원 국립산림치유원 웰니스 관광,M,4,,,      ,          ,,경기,의왕시,내손동,
산림치유원,국립 지덕권산림치유원 조성 본격 착수 - 전라북도 주간 소식,F,4,,,      ,          ,,부산,사하구,괴정3동,
산림치유원,#송현초 #가족캠프 #영주산림치유원,M,2,,,      ,          ,,경북,경산시,하양읍,
산림치유원,영주 이야기 6. 산림치유원 다스림 데크로드,F,2,,,      ,          ,,충남,예산군,예산읍,
산림치유원,국립산림치유원,F,4,"사무직 (일반사무직, 공무원, 직업군인)",100~199만원,예    ,자녀 있음 ,연립주택/ 다세대/ 빌라,서울,강북구,번2동,
산림치유원,지덕권 산림치유원 등 4대 국가사업 본격 추진,M,5,,,      ,          ,,서울,마포구,동교동,
산림치유원,[181206] 국립산림치유원(#다스림),M,4,,,      ,          ,,경기,김포시,마산동,
치유의숲,황산숲공원 치유의 숲 조성요청 회신의 건 - 연합회 소식! - 미사강변도시 연합카페,M,3,"사무직 (일반사무직, 공무원, 직업군인)",400~499만원,예    ,자녀 있음 ,아파트/ 주상복합,경기,하남시,선동,"중형차 (쏘나타, K5, 말리부, 골프급 등)"
산림치유원,경북 영주 가볼만한곳 국립산림치유원 먹었던 밥 네 끼 / 두 그릇은 기본,M,5,"자영업 (도소매업, 숙박업, 미용업)",500~599만원,예    ,자녀 있음 ,아파트/ 주상복합,서울,강남구,도곡2동,"중형SUV (싼타페, 쏘렌토, 캡티바, BMW X3급 등)"
산림치유원,국립산림치유원 마실치유숲길(다스림 데크로드),M,4,,,      ,          ,,서울,은평구,갈현1동,
산림치유원,해라이트-국립산림치유원,F,5,"주부 (전업주부, 파트타임 근무 주부)",200~299만원,예    ,자녀 있음 ,아파트/ 주상복합,광주,광산구,소촌동,"경차 (모닝, 스파크 등)"
산림치유원,조달청 나라장터 여행상품 영주 국립산림치유원(2018 가을여행주간),F,4,"주부 (전업주부, 파트타임 근무 주부)",500~599만원,예    ,자녀 있음 ,아파트/ 주상복합,경기,파주시,광탄면,"경차 (모닝, 스파크 등)"
산림치유원,<국립산림치유원 제1차 산림치유 콜로키움 후기> : 풍기역에서 산림치유원 걸어가기,F,3,"사무직 (일반사무직, 공무원, 직업군인)",800~899만원,예    ,자녀 있음 ,단독주택,서울,송파구,잠실동,"준대형차 (그랜저, K7, 알페온, 캠리급, 파사트급 등)"
산림치유원,영주여행 무섬마을 산림치유원여행,F,4,"전문직 (의사, 판검사, 예술가, 종교인)",900~999만원,예    ,자녀 있음 ,아파트/ 주상복합,서울,강동구,명일1동,
산림치유원,영주여행 산림치유원에서의하룻밤,F,4,"주부 (전업주부, 파트타임 근무 주부)",300~399만원,예    ,자녀 있음 ,연립주택/ 다세대/ 빌라,경남,양산시,동면,"준중형차 (아반떼, K3, 크루즈, 제타급 등)"
산림치유원,[영주가볼만한곳] 영주 국립산림치유원,F,3,"주부 (전업주부, 파트타임 근무 주부)",400~499만원,예    ,자녀 있음 ,아파트/ 주상복합,경기,부천시 소사구,범박동,
산림치유원,"[웰니스관광서포터즈] 힐링과 치유의 중심지, 국립산림치유원 프로그램 안내 (2) : 데크로드 / 주치마을",M,2,"학생 (초중고학생, 대학생, 대학원생)",400~499만원,아니오,          ,아파트/ 주상복합,서울,성동구,성수1가1동,
산림치유원,국립 지덕권산림치유원 조상 본격 착수 - 전라북도 주간 소식,M,5,"생산/노무직 (생산감독, 경비원, 공장근로자)",400~499만원,예    ,자녀 있음 ,아파트/ 주상복합,경기,평택시,용이동,"소형차 (액센트, 프라이드, 아베오, 피아트급 등)"
산림치유원,국립산림치유원에서 치유를 경험하다,F,4,기타 ,300~399만원,예    ,자녀 있음 ,연립주택/ 다세대/ 빌라,경기,성남시 수정구,양지동,
산림치유원,경북영주 가볼만한곳 국립산림치유원 이용후기,M,3,,,      ,          ,,경기,안산시 상록구,사1동,
산림치유원,조달청 나라장터 여행상품 영주 국립산림치유원(2018 가을여행주간),F,5,"주부 (전업주부, 파트타임 근무 주부)",200~299만원,예    ,자녀 있음 ,아파트/ 주상복합,경기,시흥시,정왕3동,
산림치유원,국립 산림 치유원 데크로드,F,2,,,      ,          ,,서울,금천구,시흥동,
산림치유원,[181206] 국립산림치유원(#다스림),F,3,,,      ,          ,,인천,동구,송현동,
산림치유원,국립 지덕권산림치유원 조상 본격 착수 - 전라북도 주간 소식,F,4,,,      ,          ,,서울,강동구,성내3동,
산림치유원,국립산림치유원에서 맞이한 행복한 추석 연휴,F,4,무직,100~199만원,아니오,          ,아파트/ 주상복합,서울,관악구,성현동,기타 (승합차/트럭/화물차/기타 차량 등)
횡성숲체원,국립횡성숲체원 : 네이버 통합검색,F,3,"주부 (전업주부, 파트타임 근무 주부)",200~299만원,예    ,자녀 없음 ,연립주택/ 다세대/ 빌라,서울,강서구,화곡본동,"경차 (모닝, 스파크 등)"
숲체원,강원도 여행코스 횡성 숲체원 돌고 노다지야영장 코스 쫘악~ : 네이버 블로그,F,3,"주부 (전업주부, 파트타임 근무 주부)",200~299만원,예    ,자녀 없음 ,연립주택/ 다세대/ 빌라,서울,강서구,화곡본동,"경차 (모닝, 스파크 등)"
숲체원,"강원도 횡성 가볼만한곳,숲체원 산책하고 노다지 캠핑장~ : 네이버 블로그",F,3,"주부 (전업주부, 파트타임 근무 주부)",200~299만원,예    ,자녀 없음 ,연립주택/ 다세대/ 빌라,서울,강서구,화곡본동,"경차 (모닝, 스파크 등)"
숲체원,2019.6.8. 강원도 횡성 - 국립횡성숲체원 & 숙이 식당 : 네이버 블로그,F,3,"주부 (전업주부, 파트타임 근무 주부)",200~299만원,예    ,자녀 없음 ,연립주택/ 다세대/ 빌라,서울,강서구,화곡본동,"경차 (모닝, 스파크 등)"
횡성숲체원,설립목적 | 숲체원소개 | 국립횡성숲체원,F,3,"주부 (전업주부, 파트타임 근무 주부)",200~299만원,예    ,자녀 없음 ,연립주택/ 다세대/ 빌라,서울,강서구,화곡본동,"경차 (모닝, 스파크 등)"
숲체원,이용안내 | 시설/이용안내 | 국립횡성숲체원,F,3,"주부 (전업주부, 파트타임 근무 주부)",200~299만원,예    ,자녀 없음 ,연립주택/ 다세대/ 빌라,서울,강서구,화곡본동,"경차 (모닝, 스파크 등)"
횡성숲체원,자주하는 질문 | 고객센터 | 국립횡성숲체원,F,3,"주부 (전업주부, 파트타임 근무 주부)",200~299만원,예    ,자녀 없음 ,연립주택/ 다세대/ 빌라,서울,강서구,화곡본동,"경차 (모닝, 스파크 등)"
숲체원,횡성숲체원 입장 : 네이버 통합검색,F,3,"주부 (전업주부, 파트타임 근무 주부)",200~299만원,예    ,자녀 없음 ,연립주택/ 다세대/ 빌라,서울,강서구,화곡본동,"경차 (모닝, 스파크 등)"
횡성숲체원,예약안내 | 예약 및 상담 | 국립횡성숲체원,F,3,"주부 (전업주부, 파트타임 근무 주부)",200~299만원,예    ,자녀 없음 ,연립주택/ 다세대/ 빌라,서울,강서구,화곡본동,"경차 (모닝, 스파크 등)"
숲체원,이용안내 | 시설/이용안내 | 국립횡성숲체원,F,3,"주부 (전업주부, 파트타임 근무 주부)",200~299만원,예    ,자녀 없음 ,연립주택/ 다세대/ 빌라,서울,강서구,화곡본동,"경차 (모닝, 스파크 등)"
횡성숲체원,설립목적 | 숲체원소개 | 국립횡성숲체원,F,3,"주부 (전업주부, 파트타임 근무 주부)",200~299만원,예    ,자녀 없음 ,연립주택/ 다세대/ 빌라,서울,강서구,화곡본동,"경차 (모닝, 스파크 등)"
숲체원,"강원도 횡성 가볼만한곳,숲체원 산책하고 노다지 캠핑장~ : 네이버 블로그",F,3,"주부 (전업주부, 파트타임 근무 주부)",200~299만원,예    ,자녀 없음 ,연립주택/ 다세대/ 빌라,서울,강서구,화곡본동,"경차 (모닝, 스파크 등)"
숲체원,임신26주: 횡성 숲체원 태교 여행 : 네이버 블로그,F,3,"주부 (전업주부, 파트타임 근무 주부)",200~299만원,예    ,자녀 없음 ,연립주택/ 다세대/ 빌라,서울,강서구,화곡본동,"경차 (모닝, 스파크 등)"
횡성숲체원,2019.6.8. 강원도 횡성 - 국립횡성숲체원 & 숙이 식당 : 네이버 블로그,F,3,"주부 (전업주부, 파트타임 근무 주부)",200~299만원,예    ,자녀 없음 ,연립주택/ 다세대/ 빌라,서울,강서구,화곡본동,"경차 (모닝, 스파크 등)"
숲체원,횡성숲체원 입장 : 네이버 통합검색,F,3,"주부 (전업주부, 파트타임 근무 주부)",200~299만원,예    ,자녀 없음 ,연립주택/ 다세대/ 빌라,서울,강서구,화곡본동,"경차 (모닝, 스파크 등)"
횡성숲체원,예약안내 | 예약 및 상담 | 국립횡성숲체원,F,3,"주부 (전업주부, 파트타임 근무 주부)",200~299만원,예    ,자녀 없음 ,연립주택/ 다세대/ 빌라,서울,강서구,화곡본동,"경차 (모닝, 스파크 등)"
숲체원,"강원도 횡성 가볼만한곳,숲체원 산책하고 노다지 캠핑장~ : 네이버 블로그",F,3,"주부 (전업주부, 파트타임 근무 주부)",200~299만원,예    ,자녀 없음 ,연립주택/ 다세대/ 빌라,서울,강서구,화곡본동,"경차 (모닝, 스파크 등)"
산림치유원,20180908 영주 국립산림치유원의 야생화,M,3,,,      ,          ,,서울,노원구,하계1동,
산림치유원,지리산 덕유산 산림치유원 조성 MOU(업무협약)체결,F,3,,,      ,          ,,광주,광산구,장덕동,
산림치유원,국립산림치유원 1박2일 팸투어 힐링♥,F,4,"전문직 (의사, 판검사, 예술가, 종교인)",400~499만원,예    ,자녀 있음 ,아파트/ 주상복합,경남,진주시,문산읍,"경차 (모닝, 스파크 등)"
치유의숲,울산 치유의숲 : 네이버 통합검색,F,3,"주부 (전업주부, 파트타임 근무 주부)",200~299만원,예    ,자녀 없음 ,아파트/ 주상복합,울산,중구,다운동,
치유의숲,[블로그기자] 성안동치유의숲에 유아 숲 자연학교가 오픈 했어요 !,F,3,"주부 (전업주부, 파트타임 근무 주부)",200~299만원,예    ,자녀 없음 ,아파트/ 주상복합,울산,중구,다운동,
치유의숲,[울산놀이터] 성안동 치유의숲 놀이터 / 울산 아기랑 가기 좋은 성안동 자연생태체험학습장 : 네이버 블로그,F,3,"주부 (전업주부, 파트타임 근무 주부)",200~299만원,예    ,자녀 없음 ,아파트/ 주상복합,울산,중구,다운동,
산림치유원,"영주 국립산림치유원,홍천 힐리언스 선마을~나의 웰니스 라이프, 나의 웰니스 여행, My Wellness Life",F,5,"주부 (전업주부, 파트타임 근무 주부)",900~999만원,예    ,자녀 있음 ,아파트/ 주상복합,경기,구리시,인창동,"준대형차 (그랜저, K7, 알페온, 캠리급, 파사트급 등)"
산림치유원,경북 영주 가볼만한곳 국립산림치유원 먹었던 밥 네 끼 / 두 그릇은 기본,F,3,"사무직 (일반사무직, 공무원, 직업군인)",500~599만원,예    ,자녀 없음 ,아파트/ 주상복합,경기,부천시 원미구,중4동,
산림치유원,국립산림치유원_문필마을 주변,F,5,"전문직 (의사, 판검사, 예술가, 종교인)",400~499만원,예    ,자녀 있음 ,아파트/ 주상복합,경기,용인시 기흥구,상하동,"준중형SUV (투싼, 스포티지, QM5, 티구안급 등)"
산림치유원,[영주가볼만한곳] 영주 국립산림치유원,F,3,"교직 (교사, 유치원교사, 학원강사)",300~399만원,예    ,자녀 있음 ,아파트/ 주상복합,서울,서초구,서초2동,"소형차 (액센트, 프라이드, 아베오, 피아트급 등)"
산림치유원,"국립산림치유원, 웰니스관광 2회 연속선정",M,3,,,      ,          ,,광주,서구,금호동,
산림치유원,국립산림치유원에서 치유를 경험하다,M,3,"사무직 (일반사무직, 공무원, 직업군인)",800~899만원,예    ,자녀 있음 ,아파트/ 주상복합,대구,동구,율하동,"중형차 (쏘나타, K5, 말리부, 골프급 등)"
산림치유원,[영주가볼만한곳] 영주 국립산림치유원,M,4,,,      ,          ,,서울,은평구,갈현1동,
산림치유원,"[복권기금이야기] 기금투어, 국립산림치유원 숲 체험 캠프",F,3,"사무직 (일반사무직, 공무원, 직업군인)",800~899만원,예    ,자녀 있음 ,단독주택,서울,송파구,잠실동,"준대형차 (그랜저, K7, 알페온, 캠리급, 파사트급 등)"
산림치유원,국립산림치유원_문필마을 주변,F,3,"주부 (전업주부, 파트타임 근무 주부)",300~399만원,예    ,자녀 있음 ,아파트/ 주상복합,서울,관악구,남현동,
산림치유원,국립산림치유원 영주 소백산으로 gfa 대가대 치유및 복지원예사과정에서 견학을 다녀왔어요.,F,3,"교직 (교사, 유치원교사, 학원강사)",300~399만원,예    ,자녀 있음 ,연립주택/ 다세대/ 빌라,경남,창원시 성산구,사파동,"중형차 (쏘나타, K5, 말리부, 골프급 등)"
산림치유원,영주 국립산림치유원 숲 체험 프로그램 등산 힐링캠프,F,2,"학생 (초중고학생, 대학생, 대학원생)",100만원 미만,아니오,          ,단독주택,전북,군산시,미룡동,
산림치유원,"국립산림치유원, 웰니스관광 2회 연속선정",F,2,"교직 (교사, 유치원교사, 학원강사)",100~199만원,아니오,          ,연립주택/ 다세대/ 빌라,서울,관악구,서원동,
산림치유원,경북 영주 가볼만한곳 국립산림치유원 먹었던 밥 네 끼 / 두 그릇은 기본,F,2,"학생 (초중고학생, 대학생, 대학원생)",400~499만원,아니오,          ,연립주택/ 다세대/ 빌라,서울,구로구,구로4동,
치유의숲,"[남해 여행 / 남해 가볼만한곳 / 경남 아이와 가볼만한 곳] 치유의 숲, 남해 편백자연휴양림 산림복합체험센터 : 네이버 블로그",M,5,"사무직 (일반사무직, 공무원, 직업군인)",600~699만원,예    ,자녀 있음 ,아파트/ 주상복합,대구,수성구,사월동,"준대형차 (그랜저, K7, 알페온, 캠리급, 파사트급 등)"
치유의숲,서울대공원 치유의숲 : 네이버 통합검색,F,4,"자영업 (도소매업, 숙박업, 미용업)",200~299만원,아니오,          ,연립주택/ 다세대/ 빌라,서울,관악구,미성동,"중형SUV (싼타페, 쏘렌토, 캡티바, BMW X3급 등)"
치유의숲,[SNS 서포터즈] 치유의 숲 - 전남산림자원연구소 : 네이버 블로그,F,3,"사무직 (일반사무직, 공무원, 직업군인)",600~699만원,아니오,          ,연립주택/ 다세대/ 빌라,서울,서대문구,연희동,"준중형차 (아반떼, K3, 크루즈, 제타급 등)"
산림치유원,영주 국립산림치유원 숲 체험 프로그램 등산 힐링캠프,M,3,,,      ,          ,,경기,안산시 상록구,사1동,
산림치유원,영주 국립산림치유원,M,3,,,      ,          ,,경기,안산시 상록구,사1동,
산림치유원,<국립산림치유원 제1차 산림치유 콜로키움 후기> : 풍기역에서 산림치유원 걸어가기,F,4,,,      ,          ,,제주,제주시,오라1동,
산림치유원,경북 영주 가볼만한곳 국립산림치유원 먹었던 밥 네 끼 / 두 그릇은 기본,F,2,,,      ,          ,,서울,금천구,시흥동,
산림치유원,국립산림치유원_문필마을 주변,M,2,,,      ,          ,,경북,경산시,하양읍,
산림치유원,이낙연 국무총리 경북 영주시노인복지관 소수서원 국립산림치유원 웰니스 관광,F,4,,,      ,          ,,경기,수원시 권선구,고색동,
산림치유원,국립산림치유원,F,4,,,      ,          ,,경북,경산시,하양읍,
산림치유원,경북영주 가볼만한곳 국립산림치유원 이용후기,F,2,,,      ,          ,,충남,예산군,예산읍,
산림치유원,국립산림치유원 따라 서원 여행,F,3,"전문직 (의사, 판검사, 예술가, 종교인)",100~199만원,아니오,          ,연립주택/ 다세대/ 빌라,경기,안양시 동안구,범계동,
산림치유원,국립산림치유원_문필마을 주변,M,4,,,      ,          ,,경기,김포시,마산동,
산림치유원,국립산림치유원 영주 소백산으로 gfa 대가대 치유및 복지원예사과정에서 견학을 다녀왔어요.,F,3,"사무직 (일반사무직, 공무원, 직업군인)",100~199만원,아니오,          ,연립주택/ 다세대/ 빌라,서울,광진구,중곡1동,
산림치유원,국립산림치유원 1박2일 팸투어 힐링♥,F,3,"주부 (전업주부, 파트타임 근무 주부)",300~399만원,예    ,자녀 있음 ,아파트/ 주상복합,부산,사하구,하단1동,"중형차 (쏘나타, K5, 말리부, 골프급 등)"
산림치유원,국립 산림 치유원 데크로드,F,3,,,      ,          ,,부산,남구,문현3동,
산림치유원,영주여행 무섬마을 산림치유원여행,F,3,,,      ,          ,,부산,남구,문현3동,
산림치유원,경북 영주 가볼만한곳 국립산림치유원 먹었던 밥 네 끼 / 두 그릇은 기본,F,4,"주부 (전업주부, 파트타임 근무 주부)",300~399만원,예    ,자녀 있음 ,아파트/ 주상복합,부산,북구,금곡동,
산림치유원,"국립산림치유원, 다스림 데크로드 유아숲체험 현장",F,3,,,      ,          ,,서울,강남구,논현동,
산림치유원,"국립산림치유원 고도원 원장님과의 만남, 한국산림복지진흥원 블로그기자단 팸투어 #1",M,3,"사무직 (일반사무직, 공무원, 직업군인)",800~899만원,예    ,자녀 있음 ,아파트/ 주상복합,대구,동구,율하동,"중형차 (쏘나타, K5, 말리부, 골프급 등)"
산림치유원,국립 지덕권산림치유원 조성 본격 착수 - 전라북도 주간 소식,M,4,,,      ,          ,,서울,은평구,갈현1동,
산림치유원,조달청 나라장터 여행상품 영주 국립산림치유원(2018 가을여행주간),F,3,"사무직 (일반사무직, 공무원, 직업군인)",500~599만원,예    ,자녀 있음 ,아파트/ 주상복합,서울,강동구,둔촌동,
산림치유원,영주 국립산림치유원에서 제대로 힐링하세요!,F,4,"전문직 (의사, 판검사, 예술가, 종교인)",500~599만원,예    ,자녀 있음 ,연립주택/ 다세대/ 빌라,제주,제주시,이도2동,"소형차 (액센트, 프라이드, 아베오, 피아트급 등)"
산림치유원,지리산 덕유산 산림치유원 조성 MOU(업무협약)체결,F,5,"전문직 (의사, 판검사, 예술가, 종교인)",600~699만원,예    ,자녀 있음 ,아파트/ 주상복합,대구,수성구,지산2동,
산림치유원,영주 국립산림치유원 숲 체험 프로그램 등산 힐링캠프,F,5,"주부 (전업주부, 파트타임 근무 주부)",200~299만원,예    ,자녀 있음 ,연립주택/ 다세대/ 빌라,경기,시흥시,신천동,
산림치유원,경북 영주 가볼만한곳 국립산림치유원 먹었던 밥 네 끼 / 두 그릇은 기본,F,5,"주부 (전업주부, 파트타임 근무 주부)",200~299만원,예    ,자녀 있음 ,연립주택/ 다세대/ 빌라,경기,시흥시,신천동,
산림치유원,[181206] 국립산림치유원(#다스림),F,3,"사무직 (일반사무직, 공무원, 직업군인)",300~399만원,예    ,자녀 있음 ,아파트/ 주상복합,경기,부천시 원미구,역곡2동,
산림치유원,국립산림치유원 마실치유숲길,F,4,"주부 (전업주부, 파트타임 근무 주부)",300~399만원,예    ,자녀 있음 ,연립주택/ 다세대/ 빌라,경남,양산시,동면,"준중형차 (아반떼, K3, 크루즈, 제타급 등)"
산림치유원,국립산림치유원에서 건강치유체험하기,F,5,"전문직 (의사, 판검사, 예술가, 종교인)",300~399만원,예    ,자녀 있음 ,아파트/ 주상복합,전북,전주시 완산구,중화산동1가,"중형차 (쏘나타, K5, 말리부, 골프급 등)"
산림치유원,국립 지덕권산림치유원 조성 본격 착수 - 전라북도 주간 소식,F,4,기타 ,300~399만원,예    ,자녀 있음 ,연립주택/ 다세대/ 빌라,경기,성남시 수정구,양지동,
산림치유원,국립산림치유원 : 네이버 통합검색,F,3,"사무직 (일반사무직, 공무원, 직업군인)","1,000만원 이상",예    ,자녀 있음 ,아파트/ 주상복합,경기,용인시 수지구,풍덕천동,
산림치유원,국립산림치유원 : 네이버 통합검색,M,5,"전문직 (의사, 판검사, 예술가, 종교인)",600~699만원,예    ,자녀 있음 ,아파트/ 주상복합,전북,익산시,신동,"중형SUV (싼타페, 쏘렌토, 캡티바, BMW X3급 등)"
산림치유원,영주여행 무섬마을 산림치유원여행,F,4,,,      ,          ,,서울,송파구,잠실4동,
치유의숲,치유의 숲길 안산자락길을 걸어요..2 : 네이버 블로그,F,3,"사무직 (일반사무직, 공무원, 직업군인)",600~699만원,아니오,          ,아파트/ 주상복합,경기,부천시 오정구,오정동,
산림치유원,국립산림치유원 마실치유숲길,F,3,"주부 (전업주부, 파트타임 근무 주부)",300~399만원,예    ,자녀 있음 ,아파트/ 주상복합,경북,구미시,비산동,"중형차 (쏘나타, K5, 말리부, 골프급 등)"
산림치유원,영주 국립산림치유원 숲 체험 프로그램 등산 힐링캠프,F,3,,,      ,          ,,대구,달성군,다사읍,
산림치유원,"[복권기금이야기] 기금투어, 국립산림치유원 숲 체험 캠프",F,2,,,      ,          ,,전북,익산시,신동,
산림치유원,조달청 나라장터 여행상품 영주 국립산림치유원(2018 가을여행주간),F,3,,,      ,          ,,경기,성남시 수정구,복정동,
산림치유원,"국립산림치유원, 다스림 데크로드 유아숲체험 현장",F,2,,,      ,          ,,충남,천안시 서북구,백석동,
산림치유원,국립산림치유원,F,3,,,      ,          ,,서울,노원구,상계3.4동,
산림치유원,국립산림치유원 1박2일 팸투어 힐링♥,F,3,"사무직 (일반사무직, 공무원, 직업군인)",500~599만원,예    ,자녀 있음 ,아파트/ 주상복합,서울,도봉구,방학3동,
산림치유원,<국립산림치유원 제1차 산림치유 콜로키움 후기> : 풍기역에서 산림치유원 걸어가기,M,2,,,      ,          ,,서울,동대문구,회기동,
산림치유원,국립산림치유원에서 맞이한 행복한 추석 연휴,F,3,"학생 (초중고학생, 대학생, 대학원생)",200~299만원,아니오,          ,아파트/ 주상복합,서울,노원구,상계동,
산림치유원,경북 영주 가볼만한곳 국립산림치유원 먹었던 밥 네 끼 / 두 그릇은 기본,F,4,"사무직 (일반사무직, 공무원, 직업군인)",400~499만원,예    ,자녀 있음 ,연립주택/ 다세대/ 빌라,서울,성북구,정릉3동,
산림치유원,영주 국립산림치유원에서 제대로 힐링하세요!,F,4,기타 ,300~399만원,아니오,          ,연립주택/ 다세대/ 빌라,서울,종로구,혜화동,
산림치유원,영주 국립산림치유원에서 제대로 힐링하세요!,M,3,"사무직 (일반사무직, 공무원, 직업군인)",200~299만원,아니오,          ,연립주택/ 다세대/ 빌라,강원,춘천시,동면,"중형차 (쏘나타, K5, 말리부, 골프급 등)"
산림치유원,국립산림치유원 1박2일 팸투어 힐링♥,F,3,"전문직 (의사, 판검사, 예술가, 종교인)",400~499만원,예    ,자녀 없음 ,아파트/ 주상복합,인천,남동구,간석동,
산림치유원,이낙연 국무총리 경북 영주시노인복지관 소수서원 국립산림치유원 웰니스 관광,M,3,"판매직 (상점점원, 보험설계사, 노점상)",200~299만원,아니오,          ,오피스텔,서울,중구,충무로5가,"준중형차 (아반떼, K3, 크루즈, 제타급 등)"
산림치유원,국립 지덕권산림치유원 조상 본격 착수 - 전라북도 주간 소식,M,4,"자영업 (도소매업, 숙박업, 미용업)",400~499만원,아니오,          ,단독주택,제주,제주시,삼도2동,"중형차 (쏘나타, K5, 말리부, 골프급 등)"
산림치유원,영주 국립산림치유원,M,4,,,      ,          ,,서울,노원구,공릉동,
산림치유원,"[웰니스관광서포터즈] 힐링과 치유의 중심지, 국립산림치유원 프로그램 안내 (2) : 데크로드 / 주치마을",F,2,,,      ,          ,,인천,연수구,송도동,
산림치유원,국립산림치유원_문필마을 주변,F,4,"주부 (전업주부, 파트타임 근무 주부)",300~399만원,예    ,자녀 있음 ,아파트/ 주상복합,경기,성남시 분당구,야탑동,
산림치유원,"국립산림치유원, 다스림 데크로드 유아숲체험 현장",F,3,,,      ,          ,,충남,아산시,모종동,
산림치유원,국립산림치유원 1박2일 팸투어 힐링♥,F,5,,,      ,          ,,서울,강남구,개포1동,
치유의숲,치유의 숲 : 네이버 카페,F,3,"전문직 (의사, 판검사, 예술가, 종교인)",300~399만원,예    ,자녀 있음 ,아파트/ 주상복합,경기,부천시 원미구,중2동,"중형차 (쏘나타, K5, 말리부, 골프급 등)"
산림치유원,"[웰니스관광서포터즈] 힐링과 치유의 중심지, 국립산림치유원 프로그램 안내 (2) : 데크로드 / 주치마을",M,3,"서비스직 (요식업, 숙박업, 미용실종업원)",100~199만원,아니오,          ,연립주택/ 다세대/ 빌라,서울,은평구,갈현2동,"소형차 (액센트, 프라이드, 아베오, 피아트급 등)"
산림치유원,이낙연 국무총리 경북 영주시노인복지관 소수서원 국립산림치유원 웰니스 관광,M,4,,,      ,          ,,인천,계양구,계산동,
산림치유원,국립 지덕권산림치유원 조상 본격 착수 - 전라북도 주간 소식,M,3,"사무직 (일반사무직, 공무원, 직업군인)",100~199만원,예    ,자녀 있음 ,아파트/ 주상복합,강원,춘천시,동내면,"경차 (모닝, 스파크 등)"
산림치유원,영주 이야기 6. 산림치유원 다스림 데크로드,M,2,,,      ,          ,,서울,동대문구,회기동,
산림치유원,국립산림치유원_문필마을 주변,F,3,"서비스직 (요식업, 숙박업, 미용실종업원)",600~699만원,아니오,          ,아파트/ 주상복합,경남,창원시 진해구,장천동,
산림치유원,국립산림치유원,F,5,"사무직 (일반사무직, 공무원, 직업군인)",300~399만원,예    ,자녀 있음 ,아파트/ 주상복합,경기,파주시,야동동,"준중형차 (아반떼, K3, 크루즈, 제타급 등)"
산림치유원,국립 지덕권산림치유원 조성 본격 착수 - 전라북도 주간 소식,F,4,"사무직 (일반사무직, 공무원, 직업군인)",600~699만원,예    ,자녀 없음 ,아파트/ 주상복합,경기,화성시,진안동,
산림치유원,국립 산림 치유원 데크로드,F,4,"주부 (전업주부, 파트타임 근무 주부)",500~599만원,예    ,자녀 있음 ,연립주택/ 다세대/ 빌라,서울,종로구,동숭동,
산림치유원,영주여행 무섬마을 산림치유원여행,F,4,"교직 (교사, 유치원교사, 학원강사)",300~399만원,예    ,자녀 있음 ,연립주택/ 다세대/ 빌라,서울,강북구,미아동,
산림치유원,국립 산림 치유원 데크로드,F,4,기타 ,300~399만원,아니오,          ,연립주택/ 다세대/ 빌라,서울,종로구,혜화동,
산림치유원,국립산림치유원 1박2일 팸투어 힐링♥,F,4,"사무직 (일반사무직, 공무원, 직업군인)",300~399만원,예    ,자녀 없음 ,연립주택/ 다세대/ 빌라,서울,구로구,구로4동,
산림치유원,국립 지덕권산림치유원 조성 본격 착수 - 전라북도 주간 소식,F,2,,,      ,          ,,,,,
산림치유원,해라이트-국립산림치유원,M,2,,,      ,          ,,,,,
산림치유원,국립산림치유원 영주 소백산으로 gfa 대가대 치유및 복지원예사과정에서 견학을 다녀왔어요.,M,3,"사무직 (일반사무직, 공무원, 직업군인)",300~399만원,아니오,          ,아파트/ 주상복합,경기,수원시 권선구,권선동,"중형차 (쏘나타, K5, 말리부, 골프급 등)"
산림치유원,해라이트-국립산림치유원,F,3,"사무직 (일반사무직, 공무원, 직업군인)",500~599만원,예    ,자녀 있음 ,아파트/ 주상복합,대전,유성구,반석동,"중형차 (쏘나타, K5, 말리부, 골프급 등)"
산림치유원,국립 산림 치유원 데크로드,F,4,기타 ,600~699만원,예    ,자녀 있음 ,아파트/ 주상복합,경기,평택시,비전동,"소형차 (액센트, 프라이드, 아베오, 피아트급 등)"
산림치유원,국립산림치유원에서 치유를 경험하다,M,4,"자영업 (도소매업, 숙박업, 미용업)",400~499만원,아니오,          ,단독주택,제주,제주시,삼도2동,"중형차 (쏘나타, K5, 말리부, 골프급 등)"
산림치유원,"[복권기금이야기] 기금투어, 국립산림치유원 숲 체험 캠프",F,4,"사무직 (일반사무직, 공무원, 직업군인)",400~499만원,예    ,자녀 있음 ,아파트/ 주상복합,서울,양천구,목5동,
산림치유원,국립산림치유원에서 건강치유체험하기,M,4,"사무직 (일반사무직, 공무원, 직업군인)",400~499만원,예    ,자녀 있음 ,아파트/ 주상복합,경기,동두천시,하봉암동,"중형SUV (싼타페, 쏘렌토, 캡티바, BMW X3급 등)"
산림치유원,지리산 덕유산 산림치유원 조성 MOU(업무협약)체결,M,5,"사무직 (일반사무직, 공무원, 직업군인)",600~699만원,예    ,자녀 있음 ,아파트/ 주상복합,서울,송파구,오금동,"중형SUV (싼타페, 쏘렌토, 캡티바, BMW X3급 등)"
산림치유원,"국립산림치유원, 웰니스관광 2회 연속선정",M,5,"사무직 (일반사무직, 공무원, 직업군인)",600~699만원,예    ,자녀 있음 ,아파트/ 주상복합,서울,송파구,오금동,"중형SUV (싼타페, 쏘렌토, 캡티바, BMW X3급 등)"
산림치유원,국립산림치유원에서 건강치유체험하기,F,4,,,      ,          ,,서울,강동구,성내3동,
산림치유원,국립 산림 치유원 데크로드,F,2,,,      ,          ,,인천,연수구,송도동,
산림치유원,국립 지덕권산림치유원 조상 본격 착수 - 전라북도 주간 소식,F,2,,,      ,          ,,인천,연수구,송도동,
산림치유원,국립산림치유원 영주 소백산으로 gfa 대가대 치유및 복지원예사과정에서 견학을 다녀왔어요.,F,3,"주부 (전업주부, 파트타임 근무 주부)",300~399만원,예    ,자녀 있음 ,아파트/ 주상복합,경북,구미시,비산동,"중형차 (쏘나타, K5, 말리부, 골프급 등)"
산림치유원,[영주가볼만한곳] 영주 국립산림치유원,F,3,,,      ,          ,,대구,달성군,다사읍,
산림치유원,경북영주 가볼만한곳 국립산림치유원 이용후기,F,2,"학생 (초중고학생, 대학생, 대학원생)",300~399만원,아니오,          ,연립주택/ 다세대/ 빌라,서울,광진구,중곡동,
산림치유원,영주 국립산림치유원,F,4,,,      ,          ,,대구,북구,구암동,
산림치유원,해라이트-국립산림치유원,F,4,,,      ,          ,,대구,북구,구암동,
산림치유원,[181206] 국립산림치유원(#다스림),F,5,,,      ,          ,,부산,동래구,낙민동,
산림치유원,국립 산림 치유원 데크로드,F,4,,,      ,          ,,경기,의정부시,의정부2동,
산림치유원,[181206] 국립산림치유원(#다스림),F,4,,,      ,          ,,서울,송파구,잠실4동,
산림치유원,국립산림치유원 따라 서원 여행,F,5,,,      ,          ,,경남,거제시,아주동,
산림치유원,"영주 국립산림치유원,홍천 힐리언스 선마을~나의 웰니스 라이프, 나의 웰니스 여행, My Wellness Life",F,4,,,      ,          ,,제주,서귀포시,남원읍,
산림치유원,국립산림치유원에서 치유를 경험하다,F,3,"사무직 (일반사무직, 공무원, 직업군인)",500~599만원,예    ,자녀 있음 ,아파트/ 주상복합,서울,도봉구,방학3동,
산림치유원,국립산림치유원 1박2일 팸투어 힐링♥,F,3,"학생 (초중고학생, 대학생, 대학원생)",200~299만원,아니오,          ,아파트/ 주상복합,서울,노원구,상계동,
산림치유원,국립산림치유원 따라 서원 여행,F,3,"서비스직 (요식업, 숙박업, 미용실종업원)",600~699만원,아니오,          ,아파트/ 주상복합,경남,창원시 진해구,장천동,
산림치유원,"국립산림치유원 고도원 원장님과의 만남, 한국산림복지진흥원 블로그기자단 팸투어 #1",F,3,"주부 (전업주부, 파트타임 근무 주부)",200~299만원,예    ,자녀 있음 ,연립주택/ 다세대/ 빌라,경기,파주시,광탄면,"소형차 (액센트, 프라이드, 아베오, 피아트급 등)"
산림치유원,조달청 나라장터 여행상품 영주 국립산림치유원(2018 가을여행주간),F,3,"서비스직 (요식업, 숙박업, 미용실종업원)",500~599만원,아니오,          ,오피스텔,경남,창원시 성산구,상남동,
산림치유원,20180908 영주 국립산림치유원의 야생화,F,3,"서비스직 (요식업, 숙박업, 미용실종업원)",500~599만원,아니오,          ,오피스텔,경남,창원시 성산구,상남동,
산림치유원,#송현초 #가족캠프 #영주산림치유원,F,5,"교직 (교사, 유치원교사, 학원강사)",100~199만원,예    ,자녀 있음 ,아파트/ 주상복합,경기,의왕시,오전동,"중형차 (쏘나타, K5, 말리부, 골프급 등)"
산림치유원,국립산림치유원 1박2일 팸투어 힐링♥,F,3,"사무직 (일반사무직, 공무원, 직업군인)","1,000만원 이상",아니오,          ,아파트/ 주상복합,서울,강동구,명일2동,"준중형차 (아반떼, K3, 크루즈, 제타급 등)"
산림치유원,"영주 국립산림치유원,홍천 힐리언스 선마을~나의 웰니스 라이프, 나의 웰니스 여행, My Wellness Life",F,4,"교직 (교사, 유치원교사, 학원강사)",300~399만원,예    ,자녀 있음 ,연립주택/ 다세대/ 빌라,서울,강북구,미아동,
산림치유원,[영주가볼만한곳] 영주 국립산림치유원,F,4,"교직 (교사, 유치원교사, 학원강사)",300~399만원,예    ,자녀 있음 ,연립주택/ 다세대/ 빌라,서울,강북구,미아동,
산림치유원,국립산림치유원 따라 서원 여행,M,3,"사무직 (일반사무직, 공무원, 직업군인)",400~499만원,예    ,자녀 없음 ,아파트/ 주상복합,대구,달성군,유가면,"준중형차 (아반떼, K3, 크루즈, 제타급 등)"
산림치유원,경북 영주 가볼만한곳 국립산림치유원 먹었던 밥 네 끼 / 두 그릇은 기본,F,3,"사무직 (일반사무직, 공무원, 직업군인)",500~599만원,아니오,          ,아파트/ 주상복합,경기,남양주시,진접읍,
산림치유원,지덕권 산림치유원 등 4대 국가사업 본격 추진,F,3,"기능직 (자동차정비, 운전기사, 안경사, 택시기사)",400~499만원,예    ,자녀 있음 ,아파트/ 주상복합,경기,하남시,신장2동,"준중형차 (아반떼, K3, 크루즈, 제타급 등)"
산림치유원,국립산림치유원 1박2일 팸투어 힐링♥,M,3,"사무직 (일반사무직, 공무원, 직업군인)",600~699만원,아니오,          ,단독주택,인천,남구,주안4동,"중형차 (쏘나타, K5, 말리부, 골프급 등)"
산림치유원,국립산림치유원에서 치유를 경험하다,F,5,"전문직 (의사, 판검사, 예술가, 종교인)",400~499만원,예    ,자녀 있음 ,단독주택,서울,강남구,대치동,"준대형차 (그랜저, K7, 알페온, 캠리급, 파사트급 등)"
산림치유원,영주여행 산림치유원에서의하룻밤,F,2,"학생 (초중고학생, 대학생, 대학원생)",800~899만원,아니오,          ,아파트/ 주상복합,부산,남구,감만1동,
산림치유원,지리산 덕유산 산림치유원 조성 MOU(업무협약)체결,F,2,"사무직 (일반사무직, 공무원, 직업군인)",700~799만원,아니오,          ,연립주택/ 다세대/ 빌라,부산,수영구,광안2동,
산림치유원,국립산림치유원 마실치유숲길(다스림 데크로드),F,4,"사무직 (일반사무직, 공무원, 직업군인)",400~499만원,예    ,자녀 있음 ,아파트/ 주상복합,서울,양천구,목5동,
산림치유원,이낙연 국무총리 경북 영주시노인복지관 소수서원 국립산림치유원 웰니스 관광,M,4,무직,100~199만원,아니오,          ,아파트/ 주상복합,경기,안산시 상록구,건건동,"소형SUV/CUV (티볼리, QM3 등)"
산림치유원,지덕권 산림치유원 등 4대 국가사업 본격 추진,M,4,"사무직 (일반사무직, 공무원, 직업군인)",400~499만원,예    ,자녀 있음 ,아파트/ 주상복합,경기,동두천시,하봉암동,"중형SUV (싼타페, 쏘렌토, 캡티바, BMW X3급 등)"
치유의숲,"제주도여행지, 사랑과 치유의 숲 카멜리아 힐 : 네이버 블로그",F,3,"사무직 (일반사무직, 공무원, 직업군인)",600~699만원,아니오,          ,연립주택/ 다세대/ 빌라,서울,서대문구,연희동,"준중형차 (아반떼, K3, 크루즈, 제타급 등)"
산림치유원,#송현초 #가족캠프 #영주산림치유원,F,2,,,      ,          ,,서울,광진구,구의3동,
산림치유원,국립산림치유원_문필마을 주변,F,3,,,      ,          ,,경기,수원시 권선구,세류3동,
산림치유원,국립산림치유원 1박2일 팸투어 힐링♥,F,2,"학생 (초중고학생, 대학생, 대학원생)",700~799만원,아니오,          ,아파트/ 주상복합,충북,청주시 흥덕구,사창동,"소형차 (액센트, 프라이드, 아베오, 피아트급 등)"
산림치유원,해라이트-국립산림치유원,F,4,,,      ,          ,,충남,아산시,실옥동,
산림치유원,영주 국립산림치유원에서 제대로 힐링하세요!,F,3,,,      ,          ,,서울,용산구,보광동,
산림치유원,20180908 영주 국립산림치유원의 야생화,F,3,,,      ,          ,,서울,강서구,화곡8동,
산림치유원,이낙연 국무총리 경북 영주시노인복지관 소수서원 국립산림치유원 웰니스 관광,F,2,,,      ,          ,,경북,칠곡군,북삼읍,
산림치유원,영주 국립산림치유원 숲 체험 프로그램 등산 힐링캠프,M,4,"자영업 (도소매업, 숙박업, 미용업)",300~399만원,예    ,자녀 있음 ,연립주택/ 다세대/ 빌라,인천,남구,문학동,기타 (승합차/트럭/화물차/기타 차량 등)
산림치유원,국립산림치유원 1박2일 팸투어 힐링♥,F,3,"주부 (전업주부, 파트타임 근무 주부)",400~499만원,예    ,자녀 있음 ,아파트/ 주상복합,서울,동작구,사당동,"중형SUV (싼타페, 쏘렌토, 캡티바, BMW X3급 등)"
산림치유원,[181206] 국립산림치유원(#다스림),F,3,,,      ,          ,,부산,금정구,부곡4동,
치유의숲,"[제주 행사]서귀포 치유의 숲, ‘2019 여름 숲학교’ 프로그램 운영 : 네이버 블로그",F,3,"전문직 (의사, 판검사, 예술가, 종교인)",300~399만원,예    ,자녀 있음 ,아파트/ 주상복합,경기,부천시 원미구,중2동,"중형차 (쏘나타, K5, 말리부, 골프급 등)"
산림치유원,국립산림치유원 1박2일 팸투어 힐링♥,F,4,"주부 (전업주부, 파트타임 근무 주부)",300~399만원,예    ,자녀 있음 ,단독주택,인천,남구,주안7동,"경차 (모닝, 스파크 등)"
산림치유원,경북영주 가볼만한곳 국립산림치유원 이용후기,M,2,,,      ,          ,,경기,화성시,동탄면,
산림치유원,"국립산림치유원, 다스림 데크로드 유아숲체험 현장",F,4,"교직 (교사, 유치원교사, 학원강사)",200~299만원,예    ,자녀 있음 ,연립주택/ 다세대/ 빌라,서울,강동구,성내2동,"준중형차 (아반떼, K3, 크루즈, 제타급 등)"
산림치유원,국립산림치유원 1박2일 팸투어 힐링♥,F,4,"주부 (전업주부, 파트타임 근무 주부)",600~699만원,예    ,자녀 있음 ,아파트/ 주상복합,서울,마포구,성산2동,"중형차 (쏘나타, K5, 말리부, 골프급 등)"
산림치유원,"영주 국립산림치유원,홍천 힐리언스 선마을~나의 웰니스 라이프, 나의 웰니스 여행, My Wellness Life",F,3,"사무직 (일반사무직, 공무원, 직업군인)",700~799만원,아니오,          ,아파트/ 주상복합,서울,종로구,사직동,"준중형차 (아반떼, K3, 크루즈, 제타급 등)"
산림치유원,영주 국립산림치유원에서 제대로 힐링하세요!,F,4,,,      ,          ,,경기,광주시,오포읍,
치유의숲,[치유의 숲] 소낙비라도 내리길 기다렸건만.. : 네이버 블로그,F,3,"사무직 (일반사무직, 공무원, 직업군인)",500~599만원,아니오,          ,단독주택,서울,동대문구,용두동,
산림치유원,<국립산림치유원 제1차 산림치유 콜로키움 후기> : 풍기역에서 산림치유원 걸어가기,F,5,"주부 (전업주부, 파트타임 근무 주부)",500~599만원,예    ,자녀 있음 ,오피스텔,부산,해운대구,중1동,"준대형차 (그랜저, K7, 알페온, 캠리급, 파사트급 등)"
산림치유원,"[웰니스관광서포터즈] 힐링과 치유의 중심지, 국립산림치유원 프로그램 안내 (2) : 데크로드 / 주치마을",F,3,"사무직 (일반사무직, 공무원, 직업군인)","1,000만원 이상",아니오,          ,아파트/ 주상복합,경기,성남시 분당구,이매동,
산림치유원,#송현초 #가족캠프 #영주산림치유원,F,3,"생산/노무직 (생산감독, 경비원, 공장근로자)",100~199만원,아니오,          ,연립주택/ 다세대/ 빌라,충남,천안시 서북구,쌍용동,
산림치유원,지리산 덕유산 산림치유원 조성 MOU(업무협약)체결,F,4,기타 ,100~199만원,예    ,자녀 있음 ,아파트/ 주상복합,경남,함안군,칠원면,
산림치유원,국립 산림 치유원 데크로드,M,3,"판매직 (상점점원, 보험설계사, 노점상)",200~299만원,예    ,자녀 있음 ,연립주택/ 다세대/ 빌라,서울,광진구,자양4동,
산림치유원,"[복권기금이야기] 기금투어, 국립산림치유원 숲 체험 캠프",F,4,,,      ,          ,,경기,성남시 분당구,야탑동,
산림치유원,#송현초 #가족캠프 #영주산림치유원,M,5,"사무직 (일반사무직, 공무원, 직업군인)",700~799만원,예    ,자녀 있음 ,아파트/ 주상복합,서울,마포구,공덕동,"준중형차 (아반떼, K3, 크루즈, 제타급 등)"
산림치유원,국립산림치유원 마실치유숲길,F,3,"사무직 (일반사무직, 공무원, 직업군인)",500~599만원,아니오,          ,아파트/ 주상복합,경기,안산시 단원구,고잔2동,"준중형차 (아반떼, K3, 크루즈, 제타급 등)"
산림치유원,"국립산림치유원, 웰니스관광 2회 연속선정",F,4,"서비스직 (요식업, 숙박업, 미용실종업원)",300~399만원,아니오,          ,연립주택/ 다세대/ 빌라,경기,부천시 원미구,도당동,
산림치유원,영주여행 무섬마을 산림치유원여행,M,2,"학생 (초중고학생, 대학생, 대학원생)",300~399만원,아니오,          ,아파트/ 주상복합,전남,나주시,남평읍,기타 (승합차/트럭/화물차/기타 차량 등)
산림치유원,해라이트-국립산림치유원,M,2,,,      ,          ,,서울,서대문구,신촌동,
산림치유원,국립 산림 치유원 데크로드,M,3,,,      ,          ,,대구,동구,금강동,
산림치유원,국립산림치유원,F,3,,,      ,          ,,경기,수원시 권선구,세류3동,
산림치유원,<국립산림치유원 제1차 산림치유 콜로키움 후기> : 풍기역에서 산림치유원 걸어가기,F,5,,,      ,          ,,서울,강동구,암사2동,
산림치유원,이낙연 국무총리 경북 영주시노인복지관 소수서원 국립산림치유원 웰니스 관광,F,5,,,      ,          ,,서울,도봉구,쌍문1동,
산림치유원,<국립산림치유원 제1차 산림치유 콜로키움 후기> : 풍기역에서 산림치유원 걸어가기,F,5,"사무직 (일반사무직, 공무원, 직업군인)",600~699만원,예    ,자녀 있음 ,아파트/ 주상복합,충남,아산시,배방읍,"중형차 (쏘나타, K5, 말리부, 골프급 등)"
산림치유원,[181206] 국립산림치유원(#다스림),F,3,,,      ,          ,,서울,강동구,둔촌2동,
산림치유원,국립 산림 치유원 데크로드,F,4,,,      ,          ,,경기,군포시,당동,
산림치유원,이낙연 국무총리 경북 영주시노인복지관 소수서원 국립산림치유원 웰니스 관광,F,3,,,      ,          ,,경기,안산시 상록구,건건동,
산림치유원,지덕권 산림치유원 등 4대 국가사업 본격 추진,F,3,,,      ,          ,,경기,안산시 상록구,건건동,
산림치유원,조달청 나라장터 여행상품 영주 국립산림치유원(2018 가을여행주간),F,3,,,      ,          ,,인천,부평구,십정1동,
산림치유원,국립산림치유원 영주 소백산으로 gfa 대가대 치유및 복지원예사과정에서 견학을 다녀왔어요.,F,3,,,      ,          ,,서울,구로구,천왕동,
산림치유원,"국립산림치유원 고도원 원장님과의 만남, 한국산림복지진흥원 블로그기자단 팸투어 #1",F,3,,,      ,          ,,서울,구로구,천왕동,
산림치유원,영주 국립산림치유원,F,3,"전문직 (의사, 판검사, 예술가, 종교인)",100~199만원,아니오,          ,아파트/ 주상복합,서울,관악구,서림동,
산림치유원,"[웰니스관광서포터즈] 힐링과 치유의 중심지, 국립산림치유원 프로그램 안내 (2) : 데크로드 / 주치마을",F,2,,,      ,          ,,경기,용인시 기흥구,공세동,
산림치유원,조달청 나라장터 여행상품 영주 국립산림치유원(2018 가을여행주간),F,2,,,      ,          ,,경기,용인시 기흥구,공세동,
산림치유원,국립산림치유원 따라 서원 여행,M,3,,,      ,          ,,부산,금정구,구서동,"중형차 (쏘나타, K5, 말리부, 골프급 등)"
산림치유원,국립산림치유원_문필마을 주변,F,3,,,      ,          ,,인천,서구,왕길동,
산림치유원,20180908 영주 국립산림치유원의 야생화,F,4,"주부 (전업주부, 파트타임 근무 주부)",300~399만원,예    ,자녀 있음 ,단독주택,인천,남구,주안7동,"경차 (모닝, 스파크 등)"
산림치유원,국립산림치유원 1박2일 팸투어 힐링♥,F,4,"주부 (전업주부, 파트타임 근무 주부)",500~599만원,예    ,자녀 있음 ,아파트/ 주상복합,경남,창원시 성산구,상남동,"준대형차 (그랜저, K7, 알페온, 캠리급, 파사트급 등)"
산림치유원,경북 영주 가볼만한곳 국립산림치유원 먹었던 밥 네 끼 / 두 그릇은 기본,M,3,"사무직 (일반사무직, 공무원, 직업군인)",200~299만원,예    ,자녀 있음 ,아파트/ 주상복합,충북,충주시,연수동,"중형차 (쏘나타, K5, 말리부, 골프급 등)"
산림치유원,국립산림치유원에서 맞이한 행복한 추석 연휴,M,3,"사무직 (일반사무직, 공무원, 직업군인)",200~299만원,예    ,자녀 있음 ,아파트/ 주상복합,충북,충주시,연수동,"중형차 (쏘나타, K5, 말리부, 골프급 등)"
산림치유원,국립 지덕권산림치유원 조성 본격 착수 - 전라북도 주간 소식,F,4,"사무직 (일반사무직, 공무원, 직업군인)",500~599만원,아니오,          ,단독주택,충남,아산시,용화동,"중형차 (쏘나타, K5, 말리부, 골프급 등)"
산림치유원,영주 이야기 6. 산림치유원 다스림 데크로드,M,3,"생산/노무직 (생산감독, 경비원, 공장근로자)",200~299만원,아니오,          ,아파트/ 주상복합,대구,북구,복현2동,
산림치유원,"국립산림치유원 고도원 원장님과의 만남, 한국산림복지진흥원 블로그기자단 팸투어 #1",M,4,"사무직 (일반사무직, 공무원, 직업군인)",200~299만원,예    ,자녀 없음 ,연립주택/ 다세대/ 빌라,서울,양천구,목4동,"소형차 (액센트, 프라이드, 아베오, 피아트급 등)"
산림치유원,"국립산림치유원, 웰니스관광 2회 연속선정",M,3,"판매직 (상점점원, 보험설계사, 노점상)",200~299만원,예    ,자녀 있음 ,연립주택/ 다세대/ 빌라,서울,광진구,자양4동,
산림치유원,국립산림치유원에서 치유를 경험하다,M,5,"사무직 (일반사무직, 공무원, 직업군인)",700~799만원,예    ,자녀 있음 ,아파트/ 주상복합,서울,마포구,공덕동,"준중형차 (아반떼, K3, 크루즈, 제타급 등)"
산림치유원,"[웰니스관광서포터즈] 힐링과 치유의 중심지, 국립산림치유원 프로그램 안내 (2) : 데크로드 / 주치마을",M,4,"기능직 (자동차정비, 운전기사, 안경사, 택시기사)",500~599만원,예    ,자녀 있음 ,아파트/ 주상복합,서울,강동구,암사동,
산림치유원,영주 국립산림치유원 숲 체험 프로그램 등산 힐링캠프,M,4,"기능직 (자동차정비, 운전기사, 안경사, 택시기사)",500~599만원,예    ,자녀 있음 ,아파트/ 주상복합,서울,강동구,암사동,
산림치유원,국립산림치유원 마실치유숲길(다스림 데크로드),F,4,"주부 (전업주부, 파트타임 근무 주부)",500~599만원,예    ,자녀 있음 ,아파트/ 주상복합,서울,동작구,노량진동,
산림치유원,국립산림치유원 마실치유숲길(다스림 데크로드),F,4,"주부 (전업주부, 파트타임 근무 주부)",500~599만원,예    ,자녀 있음 ,연립주택/ 다세대/ 빌라,서울,양천구,신월7동,
산림치유원,"영주 국립산림치유원,홍천 힐리언스 선마을~나의 웰니스 라이프, 나의 웰니스 여행, My Wellness Life",F,5,,,      ,          ,,,,,
산림치유원,국립산림치유원,F,4,기타 ,100만원 미만,예    ,자녀 없음 ,단독주택,경북,경주시,조양동,"준중형SUV (투싼, 스포티지, QM5, 티구안급 등)"
산림치유원,영주여행 무섬마을 산림치유원여행,F,4,기타 ,100만원 미만,예    ,자녀 없음 ,단독주택,경북,경주시,조양동,"준중형SUV (투싼, 스포티지, QM5, 티구안급 등)"
산림치유원,국립산림치유원에서 맞이한 행복한 추석 연휴,F,3,,,      ,          ,,서울,서초구,방배동,
산림치유원,경북영주 가볼만한곳 국립산림치유원 이용후기,F,2,"학생 (초중고학생, 대학생, 대학원생)",700~799만원,아니오,          ,아파트/ 주상복합,충북,청주시 흥덕구,사창동,"소형차 (액센트, 프라이드, 아베오, 피아트급 등)"
산림치유원,"국립산림치유원 고도원 원장님과의 만남, 한국산림복지진흥원 블로그기자단 팸투어 #1",F,4,,,      ,          ,,경기,성남시 수정구,신흥1동,
산림치유원,#송현초 #가족캠프 #영주산림치유원,F,2,"교직 (교사, 유치원교사, 학원강사)",200~299만원,아니오,          ,연립주택/ 다세대/ 빌라,서울,강북구,번동,
산림치유원,지리산 덕유산 산림치유원 조성 MOU(업무협약)체결,F,3,,,      ,          ,,인천,부평구,십정1동,
산림치유원,경북영주 가볼만한곳 국립산림치유원 이용후기,F,3,,,      ,          ,,인천,부평구,십정1동,
산림치유원,국립산림치유원에서 건강치유체험하기,F,2,,,      ,          ,,인천,남동구,구월2동,
산림치유원,국립산림치유원 영주 소백산으로 gfa 대가대 치유및 복지원예사과정에서 견학을 다녀왔어요.,M,4,,,      ,          ,,서울,영등포구,신길3동,
산림치유원,[영주가볼만한곳] 영주 국립산림치유원,M,4,"서비스직 (요식업, 숙박업, 미용실종업원)",400~499만원,아니오,          ,단독주택,서울,구로구,가리봉동,
산림치유원,영주여행 산림치유원에서의하룻밤,M,4,"생산/노무직 (생산감독, 경비원, 공장근로자)",200~299만원,아니오,          ,연립주택/ 다세대/ 빌라,경기,부천시 오정구,삼정동,"준중형차 (아반떼, K3, 크루즈, 제타급 등)"
산림치유원,국립산림치유원에서 맞이한 행복한 추석 연휴,F,3,,,      ,          ,,서울,서초구,서초3동,
산림치유원,이낙연 국무총리 경북 영주시노인복지관 소수서원 국립산림치유원 웰니스 관광,F,4,"자영업 (도소매업, 숙박업, 미용업)",300~399만원,아니오,          ,오피스텔,서울,서초구,서초동,
산림치유원,국립 산림 치유원 데크로드,F,4,"주부 (전업주부, 파트타임 근무 주부)",500~599만원,예    ,자녀 없음 ,아파트/ 주상복합,서울,송파구,가락2동,
산림치유원,국립산림치유원_문필마을 주변,F,3,"사무직 (일반사무직, 공무원, 직업군인)",600~699만원,예    ,자녀 없음 ,아파트/ 주상복합,서울,강남구,청담동,"중형차 (쏘나타, K5, 말리부, 골프급 등)"
산림치유원,지덕권 산림치유원 등 4대 국가사업 본격 추진,F,2,"학생 (초중고학생, 대학생, 대학원생)",400~499만원,아니오,          ,아파트/ 주상복합,경기,남양주시,와부읍,
산림치유원,영주 국립산림치유원 숲 체험 프로그램 등산 힐링캠프,F,4,"주부 (전업주부, 파트타임 근무 주부)",600~699만원,예    ,자녀 있음 ,아파트/ 주상복합,서울,마포구,성산2동,"중형차 (쏘나타, K5, 말리부, 골프급 등)"
산림치유원,국립 산림 치유원 데크로드,F,2,"사무직 (일반사무직, 공무원, 직업군인)",300~399만원,아니오,          ,아파트/ 주상복합,경기,이천시,갈산동,
산림치유원,"[복권기금이야기] 기금투어, 국립산림치유원 숲 체험 캠프",F,4,"사무직 (일반사무직, 공무원, 직업군인)",600~699만원,예    ,자녀 있음 ,아파트/ 주상복합,전북,군산시,산북동,"경차 (모닝, 스파크 등)"
산림치유원,국립산림치유원_문필마을 주변,F,4,기타 ,100~199만원,예    ,자녀 있음 ,아파트/ 주상복합,경남,함안군,칠원면,
산림치유원,지덕권 산림치유원 등 4대 국가사업 본격 추진,F,5,"전문직 (의사, 판검사, 예술가, 종교인)",600~699만원,예    ,자녀 있음 ,아파트/ 주상복합,부산,수영구,민락동,
산림치유원,<국립산림치유원 제1차 산림치유 콜로키움 후기> : 풍기역에서 산림치유원 걸어가기,M,4,"사무직 (일반사무직, 공무원, 직업군인)",700~799만원,예    ,자녀 있음 ,아파트/ 주상복합,경기,안양시 만안구,박달동,"중형SUV (싼타페, 쏘렌토, 캡티바, BMW X3급 등)"
산림치유원,국립산림치유원에서 건강치유체험하기,M,3,,,      ,          ,,대전,중구,선화동,
산림치유원,영주여행 무섬마을 산림치유원여행,F,3,"주부 (전업주부, 파트타임 근무 주부)",300~399만원,예    ,자녀 있음 ,아파트/ 주상복합,경기,파주시,광탄면,"준중형차 (아반떼, K3, 크루즈, 제타급 등)"
산림치유원,국립 지덕권산림치유원 조상 본격 착수 - 전라북도 주간 소식,F,5,,,      ,          ,,,,,
산림치유원,국립산림치유원 따라 서원 여행,F,4,"주부 (전업주부, 파트타임 근무 주부)",400~499만원,예    ,자녀 있음 ,아파트/ 주상복합,서울,구로구,구로3동,
산림치유원,국립산림치유원 영주 소백산으로 gfa 대가대 치유및 복지원예사과정에서 견학을 다녀왔어요.,F,3,"자영업 (도소매업, 숙박업, 미용업)",300~399만원,예    ,자녀 없음 ,아파트/ 주상복합,서울,마포구,성산동,"중형차 (쏘나타, K5, 말리부, 골프급 등)"
산림치유원,영주여행 무섬마을 산림치유원여행,F,2,,,      ,          ,,대전,동구,가양2동,
산림치유원,국립 산림 치유원 데크로드,F,2,,,      ,          ,,부산,동래구,수안동,
산림치유원,국립 지덕권산림치유원 조상 본격 착수 - 전라북도 주간 소식,F,4,,,      ,          ,,경기,고양시 덕양구,대자동,
산림치유원,영주여행 산림치유원에서의하룻밤,M,2,,,      ,          ,,서울,관악구,행운동,
산림치유원,영주 이야기 6. 산림치유원 다스림 데크로드,F,3,,,      ,          ,,서울,강남구,역삼1동,
산림치유원,영주 국립산림치유원에서 제대로 힐링하세요!,F,2,"자영업 (도소매업, 숙박업, 미용업)",100만원 미만,예    ,자녀 없음 ,아파트/ 주상복합,충북,청주시 상당구,율량동,"중형차 (쏘나타, K5, 말리부, 골프급 등)"
산림치유원,[영주가볼만한곳] 영주 국립산림치유원,F,5,,,      ,          ,,경기,고양시 일산서구,덕이동,
산림치유원,국립 산림 치유원 데크로드,F,3,"전문직 (의사, 판검사, 예술가, 종교인)",300~399만원,아니오,          ,오피스텔,서울,강북구,번1동,
산림치유원,조달청 나라장터 여행상품 영주 국립산림치유원(2018 가을여행주간),F,4,,,      ,          ,,인천,남동구,간석4동,
산림치유원,경북 영주 가볼만한곳 국립산림치유원 먹었던 밥 네 끼 / 두 그릇은 기본,F,4,"사무직 (일반사무직, 공무원, 직업군인)",400~499만원,예    ,자녀 있음 ,아파트/ 주상복합,경기,김포시,풍무동,"준중형차 (아반떼, K3, 크루즈, 제타급 등)"
산림치유원,"국립산림치유원 고도원 원장님과의 만남, 한국산림복지진흥원 블로그기자단 팸투어 #1",F,4,,,      ,          ,,경기,구리시,인창동,
산림치유원,#송현초 #가족캠프 #영주산림치유원,F,4,"주부 (전업주부, 파트타임 근무 주부)",300~399만원,예    ,자녀 있음 ,아파트/ 주상복합,울산,울주군,온양읍,
산림치유원,이낙연 국무총리 경북 영주시노인복지관 소수서원 국립산림치유원 웰니스 관광,M,4,기타 ,100~199만원,예    ,자녀 없음 ,아파트/ 주상복합,서울,중구,황학동,
산림치유원,이낙연 국무총리 경북 영주시노인복지관 소수서원 국립산림치유원 웰니스 관광,M,4,기타 ,100~199만원,예    ,자녀 없음 ,아파트/ 주상복합,서울,중구,황학동,
산림치유원,국립산림치유원 영주 소백산으로 gfa 대가대 치유및 복지원예사과정에서 견학을 다녀왔어요.,M,2,"기능직 (자동차정비, 운전기사, 안경사, 택시기사)","1,000만원 이상",아니오,          ,오피스텔,부산,수영구,광안1동,
산림치유원,국립산림치유원 따라 서원 여행,M,2,,,      ,          ,,서울,영등포구,신길1동,
산림치유원,국립 산림 치유원 데크로드,F,4,"사무직 (일반사무직, 공무원, 직업군인)",400~499만원,예    ,자녀 있음 ,아파트/ 주상복합,경북,경산시,하양읍,"중형차 (쏘나타, K5, 말리부, 골프급 등)"
산림치유원,국립산림치유원에서 건강치유체험하기,F,5,"주부 (전업주부, 파트타임 근무 주부)",700~799만원,예    ,자녀 있음 ,연립주택/ 다세대/ 빌라,서울,강남구,삼성1동,
산림치유원,영주 국립산림치유원,M,4,"사무직 (일반사무직, 공무원, 직업군인)",300~399만원,예    ,자녀 있음 ,아파트/ 주상복합,대구,달성군,현풍면,"중형차 (쏘나타, K5, 말리부, 골프급 등)"
산림치유원,영주여행 무섬마을 산림치유원여행,F,4,"주부 (전업주부, 파트타임 근무 주부)",400~499만원,예    ,자녀 있음 ,아파트/ 주상복합,서울,노원구,월계동,
산림치유원,국립산림치유원 1박2일 팸투어 힐링♥,F,4,기타 ,800~899만원,예    ,자녀 있음 ,아파트/ 주상복합,경기,성남시 분당구,이매동,"준중형SUV (투싼, 스포티지, QM5, 티구안급 등)"
산림치유원,영주 국립산림치유원 숲 체험 프로그램 등산 힐링캠프,M,3,"사무직 (일반사무직, 공무원, 직업군인)",300~399만원,예    ,자녀 있음 ,아파트/ 주상복합,서울,동대문구,휘경2동,"준중형SUV (투싼, 스포티지, QM5, 티구안급 등)"
산림치유원,<국립산림치유원 제1차 산림치유 콜로키움 후기> : 풍기역에서 산림치유원 걸어가기,F,4,"주부 (전업주부, 파트타임 근무 주부)",500~599만원,예    ,자녀 있음 ,연립주택/ 다세대/ 빌라,인천,연수구,연수1동,"소형차 (액센트, 프라이드, 아베오, 피아트급 등)"
산림치유원,영주여행 산림치유원에서의하룻밤,F,2,"학생 (초중고학생, 대학생, 대학원생)",400~499만원,아니오,          ,연립주택/ 다세대/ 빌라,서울,중랑구,망우동,
산림치유원,국립산림치유원 따라 서원 여행,M,5,"사무직 (일반사무직, 공무원, 직업군인)",300~399만원,예    ,자녀 있음 ,단독주택,광주,서구,치평동,"준중형차 (아반떼, K3, 크루즈, 제타급 등)"
산림치유원,영주 국립산림치유원에서 제대로 힐링하세요!,F,3,"주부 (전업주부, 파트타임 근무 주부)",700~799만원,예    ,자녀 없음 ,아파트/ 주상복합,서울,송파구,잠실4동,"대형차 (제너시스, BMW5급 등)"
산림치유원,영주 국립산림치유원,F,3,"전문직 (의사, 판검사, 예술가, 종교인)",500~599만원,아니오,          ,아파트/ 주상복합,경기,군포시,궁내동,"중형차 (쏘나타, K5, 말리부, 골프급 등)"
산림치유원,영주여행 무섬마을 산림치유원여행,F,3,,,      ,          ,,전남,목포시,용해동,
산림치유원,"영주 국립산림치유원,홍천 힐리언스 선마을~나의 웰니스 라이프, 나의 웰니스 여행, My Wellness Life",F,3,,,      ,          ,,경기,부천시 소사구,괴안동,
산림치유원,"국립산림치유원, 웰니스관광 2회 연속선정",M,3,,,      ,          ,,서울,관악구,봉천동,
산림치유원,"국립산림치유원 고도원 원장님과의 만남, 한국산림복지진흥원 블로그기자단 팸투어 #1",F,3,"전문직 (의사, 판검사, 예술가, 종교인)","1,000만원 이상",아니오,          ,아파트/ 주상복합,광주,북구,두암3동,
산림치유원,영주여행 무섬마을 산림치유원여행,F,4,,,      ,          ,,경기,남양주시,와부읍,
산림치유원,"[복권기금이야기] 기금투어, 국립산림치유원 숲 체험 캠프",F,4,,,      ,          ,,서울,동작구,사당1동,
산림치유원,국립산림치유원 마실치유숲길,F,3,,,      ,          ,,경기,부천시 원미구,역곡2동,
산림치유원,국립산림치유원_문필마을 주변,F,2,,,      ,          ,,서울,송파구,풍납2동,
산림치유원,지덕권 산림치유원 등 4대 국가사업 본격 추진,M,4,기타 ,100~199만원,예    ,자녀 없음 ,아파트/ 주상복합,서울,중구,황학동,
산림치유원,국립산림치유원 마실치유숲길(다스림 데크로드),F,3,"교직 (교사, 유치원교사, 학원강사)",600~699만원,아니오,          ,아파트/ 주상복합,경기,부천시 오정구,오정동,
산림치유원,국립산림치유원 영주 소백산으로 gfa 대가대 치유및 복지원예사과정에서 견학을 다녀왔어요.,F,3,"사무직 (일반사무직, 공무원, 직업군인)",200~299만원,아니오,          ,오피스텔,경기,군포시,금정동,
산림치유원,국립산림치유원 1박2일 팸투어 힐링♥,F,4,"사무직 (일반사무직, 공무원, 직업군인)",600~699만원,예    ,자녀 없음 ,연립주택/ 다세대/ 빌라,서울,송파구,송파동,
산림치유원,영주 국립산림치유원 숲 체험 프로그램 등산 힐링캠프,F,4,"주부 (전업주부, 파트타임 근무 주부)",400~499만원,예    ,자녀 있음 ,아파트/ 주상복합,서울,노원구,월계동,
산림치유원,[181206] 국립산림치유원(#다스림),F,4,기타 ,800~899만원,예    ,자녀 있음 ,아파트/ 주상복합,경기,성남시 분당구,이매동,"준중형SUV (투싼, 스포티지, QM5, 티구안급 등)"
치유의숲,마을버스 타고 부산 치유의 숲에서 힐링하세요,F,4,"사무직 (일반사무직, 공무원, 직업군인)",300~399만원,예    ,자녀 있음 ,연립주택/ 다세대/ 빌라,부산,금정구,구서1동,"중형차 (쏘나타, K5, 말리부, 골프급 등)"
치유의숲,부산 치유의 숲 : 네이버 통합검색,F,4,"사무직 (일반사무직, 공무원, 직업군인)",300~399만원,예    ,자녀 있음 ,연립주택/ 다세대/ 빌라,부산,금정구,구서1동,"중형차 (쏘나타, K5, 말리부, 골프급 등)"
치유의숲,부산치유의숲을걷다 : 네이버 블로그,F,4,"사무직 (일반사무직, 공무원, 직업군인)",300~399만원,예    ,자녀 있음 ,연립주택/ 다세대/ 빌라,부산,금정구,구서1동,"중형차 (쏘나타, K5, 말리부, 골프급 등)"
치유의숲,부산치유의숲을걷다 : 네이버 블로그,F,4,"사무직 (일반사무직, 공무원, 직업군인)",300~399만원,예    ,자녀 있음 ,연립주택/ 다세대/ 빌라,부산,금정구,구서1동,"중형차 (쏘나타, K5, 말리부, 골프급 등)"
치유의숲,부산 치유의 숲 : 네이버 통합검색,F,4,"사무직 (일반사무직, 공무원, 직업군인)",300~399만원,예    ,자녀 있음 ,연립주택/ 다세대/ 빌라,부산,금정구,구서1동,"중형차 (쏘나타, K5, 말리부, 골프급 등)"
치유의숲,[부산 투어] 부산 치유의 숲 : 네이버 블로그,F,4,"사무직 (일반사무직, 공무원, 직업군인)",300~399만원,예    ,자녀 있음 ,연립주택/ 다세대/ 빌라,부산,금정구,구서1동,"중형차 (쏘나타, K5, 말리부, 골프급 등)"
치유의숲,부산 치유의 숲 : 네이버 통합검색,F,4,"사무직 (일반사무직, 공무원, 직업군인)",300~399만원,예    ,자녀 있음 ,연립주택/ 다세대/ 빌라,부산,금정구,구서1동,"중형차 (쏘나타, K5, 말리부, 골프급 등)"
치유의숲,부산 치유의 숲 (기장 철마) : 네이버 블로그,F,4,"사무직 (일반사무직, 공무원, 직업군인)",300~399만원,예    ,자녀 있음 ,연립주택/ 다세대/ 빌라,부산,금정구,구서1동,"중형차 (쏘나타, K5, 말리부, 골프급 등)"
치유의숲,부산 치유의 숲 : 네이버 통합검색,F,4,"사무직 (일반사무직, 공무원, 직업군인)",300~399만원,예    ,자녀 있음 ,연립주택/ 다세대/ 빌라,부산,금정구,구서1동,"중형차 (쏘나타, K5, 말리부, 골프급 등)"
치유의숲,치유의숲 : 네이버 통합검색,F,4,"사무직 (일반사무직, 공무원, 직업군인)",300~399만원,예    ,자녀 있음 ,연립주택/ 다세대/ 빌라,부산,금정구,구서1동,"중형차 (쏘나타, K5, 말리부, 골프급 등)"
치유의숲,치유의숲 : 네이버 플레이스 검색 결과,F,4,"사무직 (일반사무직, 공무원, 직업군인)",300~399만원,예    ,자녀 있음 ,연립주택/ 다세대/ 빌라,부산,금정구,구서1동,"중형차 (쏘나타, K5, 말리부, 골프급 등)"
치유의숲,치유의숲 : 네이버 플레이스 검색 결과,F,4,"사무직 (일반사무직, 공무원, 직업군인)",300~399만원,예    ,자녀 있음 ,연립주택/ 다세대/ 빌라,부산,금정구,구서1동,"중형차 (쏘나타, K5, 말리부, 골프급 등)"
치유의숲,치유의숲 : 네이버 통합검색,F,4,"사무직 (일반사무직, 공무원, 직업군인)",300~399만원,예    ,자녀 있음 ,연립주택/ 다세대/ 빌라,부산,금정구,구서1동,"중형차 (쏘나타, K5, 말리부, 골프급 등)"
치유의숲,부산 치유의 숲 : 네이버 통합검색,F,4,"사무직 (일반사무직, 공무원, 직업군인)",300~399만원,예    ,자녀 있음 ,연립주택/ 다세대/ 빌라,부산,금정구,구서1동,"중형차 (쏘나타, K5, 말리부, 골프급 등)"
산림치유원,"국립산림치유원, 다스림 데크로드 유아숲체험 현장",F,3,,,      ,          ,,서울,강남구,청담동,
산림치유원,국립산림치유원에서 맞이한 행복한 추석 연휴,F,5,"농/축/광/수산업 (축산, 낙농업, 수산, 임업, 광업)",300~399만원,예    ,자녀 있음 ,단독주택,경북,경산시,하양읍,
산림치유원,경북 영주 가볼만한곳 국립산림치유원 먹었던 밥 네 끼 / 두 그릇은 기본,F,5,"농/축/광/수산업 (축산, 낙농업, 수산, 임업, 광업)",300~399만원,예    ,자녀 있음 ,단독주택,경북,경산시,하양읍,
산림치유원,국립 산림 치유원 데크로드,F,4,"전문직 (의사, 판검사, 예술가, 종교인)",700~799만원,예    ,자녀 있음 ,아파트/ 주상복합,경기,화성시,능동,"중형차 (쏘나타, K5, 말리부, 골프급 등)"
산림치유원,[181206] 국립산림치유원(#다스림),M,4,"생산/노무직 (생산감독, 경비원, 공장근로자)",500~599만원,예    ,자녀 있음 ,아파트/ 주상복합,충남,아산시,배방읍,"중형SUV (싼타페, 쏘렌토, 캡티바, BMW X3급 등)"
산림치유원,국립산림치유원 1박2일 팸투어 힐링♥,M,5,"사무직 (일반사무직, 공무원, 직업군인)",300~399만원,예    ,자녀 있음 ,단독주택,광주,서구,치평동,"준중형차 (아반떼, K3, 크루즈, 제타급 등)"
산림치유원,지리산 덕유산 산림치유원 조성 MOU(업무협약)체결,F,3,"사무직 (일반사무직, 공무원, 직업군인)",100~199만원,아니오,          ,아파트/ 주상복합,경기,수원시 장안구,정자3동,
산림치유원,국립산림치유원,F,5,"주부 (전업주부, 파트타임 근무 주부)",400~499만원,예    ,자녀 있음 ,아파트/ 주상복합,경기,성남시 분당구,구미동,
산림치유원,국립 지덕권산림치유원 조성 본격 착수 - 전라북도 주간 소식,M,3,"사무직 (일반사무직, 공무원, 직업군인)",500~599만원,예    ,자녀 있음 ,아파트/ 주상복합,부산,강서구,명지동,"대형차 (제너시스, BMW5급 등)"
치유의숲,편백 향기에 취하다 - 팔영산 편백 치유의 숲 : 네이버 블로그,F,3,"사무직 (일반사무직, 공무원, 직업군인)",600~699만원,아니오,          ,연립주택/ 다세대/ 빌라,서울,서대문구,연희동,"준중형차 (아반떼, K3, 크루즈, 제타급 등)"
치유의숲,고흥군 팔영산 편백 치유의 숲,F,3,"사무직 (일반사무직, 공무원, 직업군인)",600~699만원,아니오,          ,연립주택/ 다세대/ 빌라,서울,서대문구,연희동,"준중형차 (아반떼, K3, 크루즈, 제타급 등)"
치유의숲,숲속의 집 > 팔영산 편백 치유의 숲,F,3,"사무직 (일반사무직, 공무원, 직업군인)",600~699만원,아니오,          ,연립주택/ 다세대/ 빌라,서울,서대문구,연희동,"준중형차 (아반떼, K3, 크루즈, 제타급 등)"
치유의숲,소개 > 팔영산 편백 치유의 숲,F,3,"사무직 (일반사무직, 공무원, 직업군인)",600~699만원,아니오,          ,연립주택/ 다세대/ 빌라,서울,서대문구,연희동,"준중형차 (아반떼, K3, 크루즈, 제타급 등)"
치유의숲,목록 > 공지사항 > 팔영산 편백 치유의 숲,F,3,"사무직 (일반사무직, 공무원, 직업군인)",600~699만원,아니오,          ,연립주택/ 다세대/ 빌라,서울,서대문구,연희동,"준중형차 (아반떼, K3, 크루즈, 제타급 등)"
치유의숲,본인인증 > 팔영산 편백 치유의 숲,F,3,"사무직 (일반사무직, 공무원, 직업군인)",600~699만원,아니오,          ,연립주택/ 다세대/ 빌라,서울,서대문구,연희동,"준중형차 (아반떼, K3, 크루즈, 제타급 등)"
치유의숲,고흥군 팔영산 편백 치유의 숲,F,3,"사무직 (일반사무직, 공무원, 직업군인)",600~699만원,아니오,          ,연립주택/ 다세대/ 빌라,서울,서대문구,연희동,"준중형차 (아반떼, K3, 크루즈, 제타급 등)"
치유의숲,고흥군 팔영산 편백 치유의 숲,F,3,"사무직 (일반사무직, 공무원, 직업군인)",600~699만원,아니오,          ,연립주택/ 다세대/ 빌라,서울,서대문구,연희동,"준중형차 (아반떼, K3, 크루즈, 제타급 등)"
치유의숲,목록 > 포토갤러리 > 팔영산 편백 치유의 숲,F,3,"사무직 (일반사무직, 공무원, 직업군인)",600~699만원,아니오,          ,연립주택/ 다세대/ 빌라,서울,서대문구,연희동,"준중형차 (아반떼, K3, 크루즈, 제타급 등)"
치유의숲,고흥군 팔영산 편백 치유의 숲,F,3,"사무직 (일반사무직, 공무원, 직업군인)",600~699만원,아니오,          ,연립주택/ 다세대/ 빌라,서울,서대문구,연희동,"준중형차 (아반떼, K3, 크루즈, 제타급 등)"
치유의숲,숲속의 집 > 팔영산 편백 치유의 숲,F,3,"사무직 (일반사무직, 공무원, 직업군인)",600~699만원,아니오,          ,연립주택/ 다세대/ 빌라,서울,서대문구,연희동,"준중형차 (아반떼, K3, 크루즈, 제타급 등)"
횡성숲체원,국립횡성숲체원,F,5,"사무직 (일반사무직, 공무원, 직업군인)",900~999만원,예    ,자녀 있음 ,아파트/ 주상복합,경기,안양시 동안구,관양1동,"중형차 (쏘나타, K5, 말리부, 골프급 등)"
숲체원,숲체원 안내도 | 시설/이용안내 | 국립횡성숲체원,F,5,"사무직 (일반사무직, 공무원, 직업군인)",900~999만원,예    ,자녀 있음 ,아파트/ 주상복합,경기,안양시 동안구,관양1동,"중형차 (쏘나타, K5, 말리부, 골프급 등)"
횡성숲체원,찾아오시는 길 | 숲체원소개 | 국립횡성숲체원,F,5,"사무직 (일반사무직, 공무원, 직업군인)",900~999만원,예    ,자녀 있음 ,아파트/ 주상복합,경기,안양시 동안구,관양1동,"중형차 (쏘나타, K5, 말리부, 골프급 등)"
숲체원,숲체원 안내도 | 시설/이용안내 | 국립횡성숲체원,F,5,"사무직 (일반사무직, 공무원, 직업군인)",900~999만원,예    ,자녀 있음 ,아파트/ 주상복합,경기,안양시 동안구,관양1동,"중형차 (쏘나타, K5, 말리부, 골프급 등)"
횡성숲체원,국립횡성숲체원,F,5,"사무직 (일반사무직, 공무원, 직업군인)",900~999만원,예    ,자녀 있음 ,아파트/ 주상복합,경기,안양시 동안구,관양1동,"중형차 (쏘나타, K5, 말리부, 골프급 등)"
산림치유원,국립 산림 치유원 데크로드,F,2,"사무직 (일반사무직, 공무원, 직업군인)",500~599만원,아니오,          ,연립주택/ 다세대/ 빌라,경기,평택시,세교동,"준중형차 (아반떼, K3, 크루즈, 제타급 등)"
산림치유원,[영주가볼만한곳] 영주 국립산림치유원,M,3,,,      ,          ,,서울,관악구,봉천동,
산림치유원,국립산림치유원에서 치유를 경험하다,F,3,"전문직 (의사, 판검사, 예술가, 종교인)","1,000만원 이상",아니오,          ,아파트/ 주상복합,광주,북구,두암3동,
산림치유원,국립 산림 치유원 데크로드,M,3,"사무직 (일반사무직, 공무원, 직업군인)",500~599만원,예    ,자녀 없음 ,아파트/ 주상복합,서울,강남구,개포동,
산림치유원,국립산림치유원 마실치유숲길,F,2,,,      ,          ,,충남,연기군,서면,
산림치유원,국립 지덕권산림치유원 조성 본격 착수 - 전라북도 주간 소식,F,4,,,      ,          ,,인천,남동구,간석4동,
산림치유원,"[웰니스관광서포터즈] 힐링과 치유의 중심지, 국립산림치유원 프로그램 안내 (2) : 데크로드 / 주치마을",F,3,,,      ,          ,,경기,부천시 원미구,역곡2동,
산림치유원,#송현초 #가족캠프 #영주산림치유원,F,4,,,      ,          ,,경기,용인시 기흥구,보라동,
산림치유원,20180908 영주 국립산림치유원의 야생화,F,2,,,      ,          ,,서울,금천구,시흥1동,
산림치유원,국립 산림 치유원 데크로드,F,3,,,      ,          ,,경기,수원시 권선구,권선동,
산림치유원,영주 국립산림치유원에서 제대로 힐링하세요!,F,3,"주부 (전업주부, 파트타임 근무 주부)",500~599만원,예    ,자녀 있음 ,아파트/ 주상복합,경기,수원시 권선구,금곡동,
산림치유원,영주여행 무섬마을 산림치유원여행,F,3,"사무직 (일반사무직, 공무원, 직업군인)",500~599만원,예    ,자녀 없음 ,아파트/ 주상복합,서울,성동구,하왕십리동,"중형차 (쏘나타, K5, 말리부, 골프급 등)"
산림치유원,해라이트-국립산림치유원,M,4,"생산/노무직 (생산감독, 경비원, 공장근로자)",200~299만원,예    ,자녀 있음 ,아파트/ 주상복합,전남,목포시,북항동,"중형SUV (싼타페, 쏘렌토, 캡티바, BMW X3급 등)"
산림치유원,조달청 나라장터 여행상품 영주 국립산림치유원(2018 가을여행주간),F,3,"주부 (전업주부, 파트타임 근무 주부)",100만원 미만,예    ,자녀 있음 ,아파트/ 주상복합,경기,화성시,향남읍,
산림치유원,경북영주 가볼만한곳 국립산림치유원 이용후기,F,3,"사무직 (일반사무직, 공무원, 직업군인)",100~199만원,아니오,          ,아파트/ 주상복합,경기,수원시 장안구,정자3동,
산림치유원,국립산림치유원 1박2일 팸투어 힐링♥,M,3,"사무직 (일반사무직, 공무원, 직업군인)",500~599만원,예    ,자녀 있음 ,아파트/ 주상복합,부산,강서구,명지동,"대형차 (제너시스, BMW5급 등)"
숲체원,"직접 떠난 강원도 무장애 힐링 여행 솔직 후기 <젊은달 와이 파크, 국립 횡성 숲체원, 뮤지엄 산, 횡성 한우피아, 횡성 호수길> : 네이버 블로그",F,3,"주부 (전업주부, 파트타임 근무 주부)",300~399만원,예    ,자녀 있음 ,연립주택/ 다세대/ 빌라,서울,서초구,양재동,"중형차 (쏘나타, K5, 말리부, 골프급 등)"
횡성숲체원,"직접 떠난 강원도 무장애 힐링 여행 솔직 후기 <젊은달 와이 파크, 국립 횡성 숲체원, 뮤지엄 산, 횡성 한우피아, 횡성 호수길> : 네이버 블로그",M,3,"사무직 (일반사무직, 공무원, 직업군인)",600~699만원,아니오,          ,연립주택/ 다세대/ 빌라,서울,동대문구,답십리2동,"경차 (모닝, 스파크 등)"
산림치유원,"[웰니스관광서포터즈] 힐링과 치유의 중심지, 국립산림치유원 프로그램 안내 (2) : 데크로드 / 주치마을",F,5,"주부 (전업주부, 파트타임 근무 주부)",300~399만원,예    ,자녀 있음 ,아파트/ 주상복합,서울,서초구,방배4동,
산림치유원,"[웰니스관광서포터즈] 힐링과 치유의 중심지, 국립산림치유원 프로그램 안내 (2) : 데크로드 / 주치마을",F,3,,,      ,          ,,충남,연기군,남면,
치유의숲,전국 곳곳 치유의 숲 | 1boon,M,4,"사무직 (일반사무직, 공무원, 직업군인)",700~799만원,예    ,자녀 있음 ,아파트/ 주상복합,서울,서초구,방배동,"중형차 (쏘나타, K5, 말리부, 골프급 등)"
산림치유원,국립산림치유원_문필마을 주변,M,5,,,      ,          ,,충북,청주시 상당구,용암2동,
산림치유원,이낙연 국무총리 경북 영주시노인복지관 소수서원 국립산림치유원 웰니스 관광,M,4,,,      ,          ,,서울,노원구,월계동,
산림치유원,국립 지덕권산림치유원 조상 본격 착수 - 전라북도 주간 소식,F,3,"사무직 (일반사무직, 공무원, 직업군인)",500~599만원,아니오,          ,오피스텔,서울,관악구,봉천동,"준중형차 (아반떼, K3, 크루즈, 제타급 등)"
산림치유원,<국립산림치유원 제1차 산림치유 콜로키움 후기> : 풍기역에서 산림치유원 걸어가기,F,3,"사무직 (일반사무직, 공무원, 직업군인)",600~699만원,예    ,자녀 있음 ,아파트/ 주상복합,서울,강남구,개포동,
치유의숲,창원편백치유의숲 : 네이버 통합검색,F,3,"주부 (전업주부, 파트타임 근무 주부)",300~399만원,예    ,자녀 있음 ,아파트/ 주상복합,경남,함안군,가야읍,"경차 (모닝, 스파크 등)"
치유의숲,창원편백치유의숲 : 네이버 통합검색,F,3,"주부 (전업주부, 파트타임 근무 주부)",300~399만원,예    ,자녀 있음 ,아파트/ 주상복합,경남,함안군,가야읍,"경차 (모닝, 스파크 등)"
산림치유원,영주 국립산림치유원 숲 체험 프로그램 등산 힐링캠프,F,4,,,      ,          ,,경기,화성시,병점동,
산림치유원,경북영주 가볼만한곳 국립산림치유원 이용후기,F,4,,,      ,          ,,경기,화성시,병점동,
산림치유원,"국립산림치유원, 다스림 데크로드 유아숲체험 현장",F,2,,,      ,          ,,경북,구미시,고아읍,
산림치유원,국립산림치유원,M,2,"생산/노무직 (생산감독, 경비원, 공장근로자)",100~199만원,아니오,          ,연립주택/ 다세대/ 빌라,대전,중구,대사동,
산림치유원,국립산림치유원 영주 소백산으로 gfa 대가대 치유및 복지원예사과정에서 견학을 다녀왔어요.,F,3,,,      ,          ,,서울,성동구,금호동4가,
산림치유원,국립산림치유원 영주 소백산으로 gfa 대가대 치유및 복지원예사과정에서 견학을 다녀왔어요.,F,5,,,      ,          ,,부산,연제구,연산6동,
산림치유원,경북 영주 가볼만한곳 국립산림치유원 먹었던 밥 네 끼 / 두 그릇은 기본,F,3,"사무직 (일반사무직, 공무원, 직업군인)",700~799만원,예    ,자녀 없음 ,아파트/ 주상복합,서울,강동구,암사2동,"경차 (모닝, 스파크 등)"
산림치유원,지덕권 산림치유원 등 4대 국가사업 본격 추진,F,3,"전문직 (의사, 판검사, 예술가, 종교인)",500~599만원,아니오,          ,기타 ,경기,용인시 기흥구,상갈동,
산림치유원,국립산림치유원에서 치유를 경험하다,F,4,"주부 (전업주부, 파트타임 근무 주부)",200~299만원,예    ,자녀 있음 ,아파트/ 주상복합,강원,태백시,황지동,
산림치유원,영주 국립산림치유원,F,4,"주부 (전업주부, 파트타임 근무 주부)",200~299만원,예    ,자녀 있음 ,아파트/ 주상복합,강원,태백시,황지동,
산림치유원,국립산림치유원에서 맞이한 행복한 추석 연휴,F,2,"학생 (초중고학생, 대학생, 대학원생)",300~399만원,아니오,          ,아파트/ 주상복합,대전,유성구,송강동,
산림치유원,"국립산림치유원, 웰니스관광 2회 연속선정",F,5,"사무직 (일반사무직, 공무원, 직업군인)",400~499만원,예    ,자녀 있음 ,아파트/ 주상복합,경기,고양시 일산서구,탄현동,
산림치유원,국립산림치유원_문필마을 주변,F,4,"주부 (전업주부, 파트타임 근무 주부)",500~599만원,예    ,자녀 있음 ,아파트/ 주상복합,전남,광양시,금호동,"중형차 (쏘나타, K5, 말리부, 골프급 등)"
산림치유원,국립산림치유원에서 건강치유체험하기,F,4,"주부 (전업주부, 파트타임 근무 주부)",400~499만원,예    ,자녀 있음 ,아파트/ 주상복합,부산,사하구,하단1동,"경차 (모닝, 스파크 등)"
산림치유원,영주여행 무섬마을 산림치유원여행,F,4,"주부 (전업주부, 파트타임 근무 주부)",400~499만원,예    ,자녀 있음 ,아파트/ 주상복합,부산,사하구,하단1동,"경차 (모닝, 스파크 등)"
산림치유원,국립 지덕권산림치유원 조상 본격 착수 - 전라북도 주간 소식,F,3,"사무직 (일반사무직, 공무원, 직업군인)","1,000만원 이상",예    ,자녀 없음 ,아파트/ 주상복합,경남,창원시 의창구,북면,"중형차 (쏘나타, K5, 말리부, 골프급 등)"
산림치유원,이낙연 국무총리 경북 영주시노인복지관 소수서원 국립산림치유원 웰니스 관광,F,3,"사무직 (일반사무직, 공무원, 직업군인)","1,000만원 이상",예    ,자녀 없음 ,아파트/ 주상복합,경남,창원시 의창구,북면,"중형차 (쏘나타, K5, 말리부, 골프급 등)"
산림치유원,국립 산림 치유원 데크로드,M,4,기타 ,200~299만원,아니오,          ,단독주택,경기,부천시 원미구,상2동,
산림치유원,[181206] 국립산림치유원(#다스림),M,3,"사무직 (일반사무직, 공무원, 직업군인)",300~399만원,예    ,자녀 있음 ,아파트/ 주상복합,대구,북구,구암동,
산림치유원,영주여행 산림치유원에서의하룻밤,M,2,"생산/노무직 (생산감독, 경비원, 공장근로자)",300~399만원,아니오,          ,아파트/ 주상복합,경기,시흥시,은행동,"중형SUV (싼타페, 쏘렌토, 캡티바, BMW X3급 등)"
산림치유원,국립 지덕권산림치유원 조성 본격 착수 - 전라북도 주간 소식,M,2,"전문직 (의사, 판검사, 예술가, 종교인)",200~299만원,아니오,          ,기타 ,경남,김해시,어방동,
치유의숲,부산 치유의 숲 - Daum 검색,F,5,"관리직 (사장, 간부, 고위공무원)","1,000만원 이상",예    ,자녀 있음 ,아파트/ 주상복합,부산,사상구,엄궁동,"준대형차 (그랜저, K7, 알페온, 캠리급, 파사트급 등)"
치유의숲,부산 치유의 숲 - Daum 검색,F,5,"관리직 (사장, 간부, 고위공무원)","1,000만원 이상",예    ,자녀 있음 ,아파트/ 주상복합,부산,사상구,엄궁동,"준대형차 (그랜저, K7, 알페온, 캠리급, 파사트급 등)"
치유의숲,도심을 벗어난 치유공간 <부산 치유의 숲> : 네이버 블로그,F,5,"관리직 (사장, 간부, 고위공무원)","1,000만원 이상",예    ,자녀 있음 ,아파트/ 주상복합,부산,사상구,엄궁동,"준대형차 (그랜저, K7, 알페온, 캠리급, 파사트급 등)"
산림치유원,"[복권기금이야기] 기금투어, 국립산림치유원 숲 체험 캠프",F,5,"주부 (전업주부, 파트타임 근무 주부)",300~399만원,예    ,자녀 있음 ,아파트/ 주상복합,서울,서초구,방배4동,
산림치유원,국립산림치유원 마실치유숲길(다스림 데크로드),F,3,,,      ,          ,,경기,의정부시,민락동,
산림치유원,#송현초 #가족캠프 #영주산림치유원,M,4,"자영업 (도소매업, 숙박업, 미용업)",200~299만원,아니오,          ,연립주택/ 다세대/ 빌라,서울,동대문구,용두동,"준중형SUV (투싼, 스포티지, QM5, 티구안급 등)"
산림치유원,국립산림치유원 따라 서원 여행,F,2,,,      ,          ,,경기,고양시 덕양구,화정2동,
산림치유원,"국립산림치유원 고도원 원장님과의 만남, 한국산림복지진흥원 블로그기자단 팸투어 #1",M,3,무직,500~599만원,아니오,          ,아파트/ 주상복합,서울,도봉구,쌍문3동,
산림치유원,지리산 덕유산 산림치유원 조성 MOU(업무협약)체결,M,3,"사무직 (일반사무직, 공무원, 직업군인)","1,000만원 이상",아니오,          ,아파트/ 주상복합,대구,달서구,대곡동,"대형차 (제너시스, BMW5급 등)"
산림치유원,영주 국립산림치유원 숲 체험 프로그램 등산 힐링캠프,M,3,"사무직 (일반사무직, 공무원, 직업군인)","1,000만원 이상",아니오,          ,아파트/ 주상복합,대구,달서구,대곡동,"대형차 (제너시스, BMW5급 등)"
산림치유원,영주여행 산림치유원에서의하룻밤,F,5,,,      ,          ,,서울,서대문구,홍제동,
산림치유원,영주 국립산림치유원에서 제대로 힐링하세요!,F,4,"주부 (전업주부, 파트타임 근무 주부)",400~499만원,예    ,자녀 있음 ,아파트/ 주상복합,서울,광진구,광장동,
산림치유원,국립산림치유원 마실치유숲길,F,3,,,      ,          ,,대구,수성구,신매동,
산림치유원,영주여행 무섬마을 산림치유원여행,F,3,,,      ,          ,,대구,수성구,신매동,
산림치유원,"영주 국립산림치유원,홍천 힐리언스 선마을~나의 웰니스 라이프, 나의 웰니스 여행, My Wellness Life",F,4,,,      ,          ,,인천,남동구,만수2동,
산림치유원,국립 지덕권산림치유원 조성 본격 착수 - 전라북도 주간 소식,F,5,,,      ,          ,,서울,구로구,개봉2동,
산림치유원,[영주가볼만한곳] 영주 국립산림치유원,M,4,"사무직 (일반사무직, 공무원, 직업군인)",600~699만원,예    ,자녀 있음 ,아파트/ 주상복합,서울,강동구,고덕1동,"준중형차 (아반떼, K3, 크루즈, 제타급 등)"
산림치유원,영주여행 산림치유원에서의하룻밤,F,5,"전문직 (의사, 판검사, 예술가, 종교인)",200~299만원,예    ,자녀 있음 ,연립주택/ 다세대/ 빌라,대구,달서구,본리동,"준중형차 (아반떼, K3, 크루즈, 제타급 등)"
산림치유원,국립산림치유원 마실치유숲길(다스림 데크로드),F,2,,,      ,          ,,경북,구미시,고아읍,
산림치유원,해라이트-국립산림치유원,F,4,,,      ,          ,,경기,김포시,풍무동,
산림치유원,경북 영주 가볼만한곳 국립산림치유원 먹었던 밥 네 끼 / 두 그릇은 기본,F,3,,,      ,          ,,경기,고양시 일산서구,탄현동,
산림치유원,지리산 덕유산 산림치유원 조성 MOU(업무협약)체결,F,4,"사무직 (일반사무직, 공무원, 직업군인)","1,000만원 이상",예    ,자녀 없음 ,아파트/ 주상복합,서울,송파구,가락동,
산림치유원,영주 국립산림치유원 숲 체험 프로그램 등산 힐링캠프,F,3,"주부 (전업주부, 파트타임 근무 주부)",300~399만원,예    ,자녀 있음 ,아파트/ 주상복합,대전,중구,태평동,
산림치유원,국립산림치유원_문필마을 주변,M,3,"사무직 (일반사무직, 공무원, 직업군인)",400~499만원,아니오,          ,단독주택,부산,동구,수정2동,
산림치유원,국립 지덕권산림치유원 조상 본격 착수 - 전라북도 주간 소식,F,3,"사무직 (일반사무직, 공무원, 직업군인)",700~799만원,예    ,자녀 없음 ,아파트/ 주상복합,서울,강동구,암사2동,"경차 (모닝, 스파크 등)"
산림치유원,<국립산림치유원 제1차 산림치유 콜로키움 후기> : 풍기역에서 산림치유원 걸어가기,F,2,"사무직 (일반사무직, 공무원, 직업군인)",200~299만원,아니오,          ,연립주택/ 다세대/ 빌라,서울,관악구,봉천동,
산림치유원,영주 국립산림치유원에서 제대로 힐링하세요!,F,2,"사무직 (일반사무직, 공무원, 직업군인)",200~299만원,아니오,          ,연립주택/ 다세대/ 빌라,서울,관악구,봉천동,
산림치유원,영주여행 무섬마을 산림치유원여행,F,4,"주부 (전업주부, 파트타임 근무 주부)",200~299만원,예    ,자녀 있음 ,아파트/ 주상복합,강원,태백시,황지동,
산림치유원,"국립산림치유원 고도원 원장님과의 만남, 한국산림복지진흥원 블로그기자단 팸투어 #1",F,4,"주부 (전업주부, 파트타임 근무 주부)",200~299만원,예    ,자녀 있음 ,아파트/ 주상복합,강원,태백시,황지동,
산림치유원,국립산림치유원 1박2일 팸투어 힐링♥,F,2,"학생 (초중고학생, 대학생, 대학원생)",400~499만원,아니오,          ,연립주택/ 다세대/ 빌라,경기,군포시,대야미동,
산림치유원,국립산림치유원에서 맞이한 행복한 추석 연휴,M,3,,,      ,          ,,서울,동작구,사당3동,
산림치유원,국립 산림 치유원 데크로드,F,3,,,      ,          ,,,,,
산림치유원,영주 국립산림치유원 숲 체험 프로그램 등산 힐링캠프,M,4,"사무직 (일반사무직, 공무원, 직업군인)",400~499만원,아니오,          ,아파트/ 주상복합,경기,남양주시,화도읍,"준대형차 (그랜저, K7, 알페온, 캠리급, 파사트급 등)"
산림치유원,국립산림치유원 영주 소백산으로 gfa 대가대 치유및 복지원예사과정에서 견학을 다녀왔어요.,F,5,"사무직 (일반사무직, 공무원, 직업군인)",400~499만원,예    ,자녀 있음 ,아파트/ 주상복합,경기,고양시 일산서구,탄현동,
산림치유원,"국립산림치유원, 웰니스관광 2회 연속선정",F,2,"학생 (초중고학생, 대학생, 대학원생)","1,000만원 이상",아니오,          ,아파트/ 주상복합,울산,북구,화봉동,
산림치유원,영주 국립산림치유원 숲 체험 프로그램 등산 힐링캠프,F,4,"주부 (전업주부, 파트타임 근무 주부)",300~399만원,예    ,자녀 없음 ,아파트/ 주상복합,인천,부평구,갈산2동,"중형차 (쏘나타, K5, 말리부, 골프급 등)"
산림치유원,"국립산림치유원 고도원 원장님과의 만남, 한국산림복지진흥원 블로그기자단 팸투어 #1",M,2,"생산/노무직 (생산감독, 경비원, 공장근로자)",300~399만원,아니오,          ,아파트/ 주상복합,경기,시흥시,은행동,"중형SUV (싼타페, 쏘렌토, 캡티바, BMW X3급 등)"
산림치유원,20180908 영주 국립산림치유원의 야생화,F,4,"판매직 (상점점원, 보험설계사, 노점상)",100~199만원,예    ,자녀 있음 ,단독주택,경북,포항시 북구,여천동,"중형차 (쏘나타, K5, 말리부, 골프급 등)"
치유의숲,영주 치유의 숲 - Daum 검색,M,5,"사무직 (일반사무직, 공무원, 직업군인)",600~699만원,예    ,자녀 있음 ,아파트/ 주상복합,대구,수성구,사월동,"준대형차 (그랜저, K7, 알페온, 캠리급, 파사트급 등)"
치유의숲,영주 치유의 숲 데크로드가는길 : 네이버 블로그,M,5,"사무직 (일반사무직, 공무원, 직업군인)",600~699만원,예    ,자녀 있음 ,아파트/ 주상복합,대구,수성구,사월동,"준대형차 (그랜저, K7, 알페온, 캠리급, 파사트급 등)"
치유의숲,영주 치유의 숲 - Daum 검색,M,5,"사무직 (일반사무직, 공무원, 직업군인)",600~699만원,예    ,자녀 있음 ,아파트/ 주상복합,대구,수성구,사월동,"준대형차 (그랜저, K7, 알페온, 캠리급, 파사트급 등)"
치유의숲,영주 치유의 숲 - Daum 검색,M,5,"사무직 (일반사무직, 공무원, 직업군인)",600~699만원,예    ,자녀 있음 ,아파트/ 주상복합,대구,수성구,사월동,"준대형차 (그랜저, K7, 알페온, 캠리급, 파사트급 등)"
치유의숲,영주 치유의 숲 - Daum 검색,M,5,"사무직 (일반사무직, 공무원, 직업군인)",600~699만원,예    ,자녀 있음 ,아파트/ 주상복합,대구,수성구,사월동,"준대형차 (그랜저, K7, 알페온, 캠리급, 파사트급 등)"
치유의숲,영주 치유의 숲 - Daum 검색,M,5,"사무직 (일반사무직, 공무원, 직업군인)",600~699만원,예    ,자녀 있음 ,아파트/ 주상복합,대구,수성구,사월동,"준대형차 (그랜저, K7, 알페온, 캠리급, 파사트급 등)"
산림치유원,영주여행 산림치유원에서의하룻밤,F,5,"주부 (전업주부, 파트타임 근무 주부)",300~399만원,예    ,자녀 있음 ,아파트/ 주상복합,서울,서초구,방배4동,
산림치유원,국립산림치유원에서 치유를 경험하다,M,4,,,      ,          ,,인천,부평구,부평1동,
산림치유원,"[복권기금이야기] 기금투어, 국립산림치유원 숲 체험 캠프",F,3,,,      ,          ,,서울,송파구,신천동,
산림치유원,[181206] 국립산림치유원(#다스림),F,4,,,      ,          ,,서울,도봉구,방학3동,
산림치유원,"국립산림치유원, 다스림 데크로드 유아숲체험 현장",F,2,,,      ,          ,,충북,청원군,부용면,
산림치유원,국립 산림 치유원 데크로드,F,4,"주부 (전업주부, 파트타임 근무 주부)",500~599만원,예    ,자녀 있음 ,아파트/ 주상복합,인천,부평구,삼산1동,"경차 (모닝, 스파크 등)"
산림치유원,[영주가볼만한곳] 영주 국립산림치유원,M,5,,,      ,          ,,전남,광양시,금호동,
산림치유원,국립산림치유원,M,2,,,      ,          ,,경기,성남시 분당구,판교동,
산림치유원,영주 이야기 6. 산림치유원 다스림 데크로드,F,5,"전문직 (의사, 판검사, 예술가, 종교인)",200~299만원,예    ,자녀 있음 ,연립주택/ 다세대/ 빌라,대구,달서구,본리동,"준중형차 (아반떼, K3, 크루즈, 제타급 등)"
산림치유원,국립산림치유원에서 건강치유체험하기,M,5,"생산/노무직 (생산감독, 경비원, 공장근로자)",500~599만원,예    ,자녀 있음 ,아파트/ 주상복합,서울,은평구,대조동,
산림치유원,영주여행 무섬마을 산림치유원여행,M,5,"생산/노무직 (생산감독, 경비원, 공장근로자)",500~599만원,예    ,자녀 있음 ,아파트/ 주상복합,서울,은평구,대조동,
산림치유원,영주 국립산림치유원 숲 체험 프로그램 등산 힐링캠프,F,3,,,      ,          ,,충북,충주시,교현동,
산림치유원,경북영주 가볼만한곳 국립산림치유원 이용후기,M,3,"기능직 (자동차정비, 운전기사, 안경사, 택시기사)",600~699만원,아니오,          ,아파트/ 주상복합,부산,동구,범일4동,"준대형차 (그랜저, K7, 알페온, 캠리급, 파사트급 등)"
산림치유원,조달청 나라장터 여행상품 영주 국립산림치유원(2018 가을여행주간),F,3,"전문직 (의사, 판검사, 예술가, 종교인)",800~899만원,아니오,          ,단독주택,경기,가평군,상면,"중형SUV (싼타페, 쏘렌토, 캡티바, BMW X3급 등)"
산림치유원,국립산림치유원 1박2일 팸투어 힐링♥,M,3,,,      ,          ,,경기,성남시 중원구,상대원1동,
산림치유원,국립산림치유원에서 맞이한 행복한 추석 연휴,M,4,"사무직 (일반사무직, 공무원, 직업군인)",400~499만원,예    ,자녀 있음 ,아파트/ 주상복합,경기,화성시,반월동,"준중형SUV (투싼, 스포티지, QM5, 티구안급 등)"
산림치유원,국립산림치유원 1박2일 팸투어 힐링♥,F,2,"주부 (전업주부, 파트타임 근무 주부)",200~299만원,예    ,자녀 없음 ,연립주택/ 다세대/ 빌라,경기,파주시,파주읍,
산림치유원,[181206] 국립산림치유원(#다스림),M,5,"기능직 (자동차정비, 운전기사, 안경사, 택시기사)",200~299만원,예    ,자녀 있음 ,아파트/ 주상복합,서울,강남구,청담동,"준대형차 (그랜저, K7, 알페온, 캠리급, 파사트급 등)"
산림치유원,국립산림치유원에서 건강치유체험하기,M,4,"기능직 (자동차정비, 운전기사, 안경사, 택시기사)",400~499만원,예    ,자녀 없음 ,아파트/ 주상복합,전남,진도군,고군면,
치유의숲,아름다운 가을 ‘부산 치유의 숲’으로 가자 : 네이버 블로그,F,2,"주부 (전업주부, 파트타임 근무 주부)",100~199만원,아니오,          ,단독주택,부산,동래구,칠산동,
산림치유원,"국립산림치유원, 다스림 데크로드 유아숲체험 현장",F,4,"사무직 (일반사무직, 공무원, 직업군인)",500~599만원,예    ,자녀 있음 ,아파트/ 주상복합,경기,부천시 원미구,중2동,"중형SUV (싼타페, 쏘렌토, 캡티바, BMW X3급 등)"
산림치유원,국립산림치유원 따라 서원 여행,M,3,,,      ,          ,,전남,순천시,매곡동,
산림치유원,"[웰니스관광서포터즈] 힐링과 치유의 중심지, 국립산림치유원 프로그램 안내 (2) : 데크로드 / 주치마을",M,4,기타 ,200~299만원,아니오,          ,연립주택/ 다세대/ 빌라,서울,광진구,자양1동,기타 (승합차/트럭/화물차/기타 차량 등)
산림치유원,영주 국립산림치유원,F,3,"주부 (전업주부, 파트타임 근무 주부)",200~299만원,예    ,자녀 없음 ,아파트/ 주상복합,부산,사하구,다대동,
산림치유원,영주여행 산림치유원에서의하룻밤,F,3,"주부 (전업주부, 파트타임 근무 주부)",300~399만원,예    ,자녀 있음 ,아파트/ 주상복합,경남,함안군,가야읍,"경차 (모닝, 스파크 등)"
산림치유원,[181206] 국립산림치유원(#다스림),F,5,"주부 (전업주부, 파트타임 근무 주부)",300~399만원,예    ,자녀 있음 ,단독주택,경북,포항시 북구,환호동,
산림치유원,20180908 영주 국립산림치유원의 야생화,M,2,,,      ,          ,,경기,남양주시,별내면,
산림치유원,국립산림치유원 1박2일 팸투어 힐링♥,F,2,,,      ,          ,,경기,고양시 일산서구,대화동,
산림치유원,영주여행 무섬마을 산림치유원여행,F,2,,,      ,          ,,경기,고양시 일산서구,대화동,
산림치유원,국립산림치유원에서 건강치유체험하기,F,4,"주부 (전업주부, 파트타임 근무 주부)",700~799만원,예    ,자녀 있음 ,연립주택/ 다세대/ 빌라,경기,파주시,광탄면,"중형SUV (싼타페, 쏘렌토, 캡티바, BMW X3급 등)"
산림치유원,조달청 나라장터 여행상품 영주 국립산림치유원(2018 가을여행주간),F,5,,,      ,          ,,대구,북구,동변동,
산림치유원,국립 지덕권산림치유원 조상 본격 착수 - 전라북도 주간 소식,F,4,,,      ,          ,,서울,관악구,신림동,
산림치유원,[영주가볼만한곳] 영주 국립산림치유원,M,5,"전문직 (의사, 판검사, 예술가, 종교인)",500~599만원,예    ,자녀 있음 ,아파트/ 주상복합,경기,성남시 분당구,정자동,"대형SUV (베라크루즈, 모하비, 투아렉급 등)"
산림치유원,국립산림치유원 영주 소백산으로 gfa 대가대 치유및 복지원예사과정에서 견학을 다녀왔어요.,M,3,"기능직 (자동차정비, 운전기사, 안경사, 택시기사)",600~699만원,예    ,자녀 있음 ,아파트/ 주상복합,서울,종로구,연건동,"중형SUV (싼타페, 쏘렌토, 캡티바, BMW X3급 등)"
산림치유원,"국립산림치유원 고도원 원장님과의 만남, 한국산림복지진흥원 블로그기자단 팸투어 #1",F,3,"사무직 (일반사무직, 공무원, 직업군인)",600~699만원,예    ,자녀 없음 ,연립주택/ 다세대/ 빌라,서울,동대문구,장안동,"준중형SUV (투싼, 스포티지, QM5, 티구안급 등)"
산림치유원,경북 영주 가볼만한곳 국립산림치유원 먹었던 밥 네 끼 / 두 그릇은 기본,M,4,,,      ,          ,,부산,부산진구,개금동,
산림치유원,이낙연 국무총리 경북 영주시노인복지관 소수서원 국립산림치유원 웰니스 관광,F,3,"사무직 (일반사무직, 공무원, 직업군인)",500~599만원,아니오,          ,아파트/ 주상복합,전남,화순군,화순읍,"준중형차 (아반떼, K3, 크루즈, 제타급 등)"
산림치유원,지덕권 산림치유원 등 4대 국가사업 본격 추진,F,5,"주부 (전업주부, 파트타임 근무 주부)","1,000만원 이상",예    ,자녀 있음 ,아파트/ 주상복합,경기,부천시 소사구,소사본3동,"중형차 (쏘나타, K5, 말리부, 골프급 등)"
산림치유원,#송현초 #가족캠프 #영주산림치유원,F,4,"생산/노무직 (생산감독, 경비원, 공장근로자)",400~499만원,예    ,자녀 있음 ,연립주택/ 다세대/ 빌라,서울,송파구,가락1동,
산림치유원,"[복권기금이야기] 기금투어, 국립산림치유원 숲 체험 캠프",F,5,"사무직 (일반사무직, 공무원, 직업군인)",400~499만원,예    ,자녀 있음 ,아파트/ 주상복합,인천,남동구,논현동,
산림치유원,국립산림치유원,F,5,"주부 (전업주부, 파트타임 근무 주부)",800~899만원,예    ,자녀 있음 ,아파트/ 주상복합,경기,고양시 덕양구,고양동,
횡성숲체원,"횡성 숲체원, 편안한 등산로 (2019.10) : 네이버 블로그",M,4,"사무직 (일반사무직, 공무원, 직업군인)",400~499만원,예    ,자녀 있음 ,아파트/ 주상복합,경기,남양주시,진접읍,"준중형SUV (투싼, 스포티지, QM5, 티구안급 등)"
다스림,커피다스림 : 네이버 카페,F,3,"사무직 (일반사무직, 공무원, 직업군인)",400~499만원,예    ,자녀 있음 ,연립주택/ 다세대/ 빌라,부산,부산진구,전포2동,
치유의숲,"[미셀 요가] 포천 하늘 아래 치유의 숲, 일동 용암천, 포천 하늘다리 : 네이버 블로그",F,3,"사무직 (일반사무직, 공무원, 직업군인)",300~399만원,예    ,자녀 있음 ,아파트/ 주상복합,경기,남양주시,진접읍,
산림치유원,국립 산림 치유원 데크로드,F,3,"전문직 (의사, 판검사, 예술가, 종교인)",200~299만원,아니오,          ,연립주택/ 다세대/ 빌라,경기,성남시 수정구,태평3동,
산림치유원,국립 산림 치유원 데크로드,F,3,,,      ,          ,,서울,강남구,압구정동,
산림치유원,지리산 덕유산 산림치유원 조성 MOU(업무협약)체결,F,2,무직,200~299만원,아니오,          ,연립주택/ 다세대/ 빌라,대전,유성구,구암동,
김천치유의숲,"숲에서 몸과 마음을 치유해보자, 국립김천 치유의 숲 :: 김천여행지, 김천힐링지, 국립김천치유의숲, 김천수도마을, 힐링센터, 경북여행 : 네이버 블로그",M,4,"사무직 (일반사무직, 공무원, 직업군인)",300~399만원,예    ,자녀 있음 ,아파트/ 주상복합,대구,달성군,유가면,"소형SUV/CUV (티볼리, QM3 등)"
산림치유원,영주 이야기 6. 산림치유원 다스림 데크로드,F,4,,,      ,          ,,인천,연수구,송도동,
산림치유원,영주여행 무섬마을 산림치유원여행,F,4,,,      ,          ,,서울,관악구,남현동,
산림치유원,<국립산림치유원 제1차 산림치유 콜로키움 후기> : 풍기역에서 산림치유원 걸어가기,F,4,,,      ,          ,,서울,관악구,남현동,
산림치유원,"[복권기금이야기] 기금투어, 국립산림치유원 숲 체험 캠프",M,2,,,      ,          ,,경기,남양주시,별내면,
산림치유원,국립산림치유원 마실치유숲길(다스림 데크로드),M,4,"사무직 (일반사무직, 공무원, 직업군인)",400~499만원,예    ,자녀 있음 ,아파트/ 주상복합,서울,노원구,월계동,"준중형SUV (투싼, 스포티지, QM5, 티구안급 등)"
산림치유원,영주여행 산림치유원에서의하룻밤,M,5,"생산/노무직 (생산감독, 경비원, 공장근로자)",200~299만원,예    ,자녀 있음 ,단독주택,경기,부천시 원미구,중2동,"중형SUV (싼타페, 쏘렌토, 캡티바, BMW X3급 등)"
산림치유원,이낙연 국무총리 경북 영주시노인복지관 소수서원 국립산림치유원 웰니스 관광,F,5,,,      ,          ,,광주,광산구,신가동,
산림치유원,해라이트-국립산림치유원,F,4,"서비스직 (요식업, 숙박업, 미용실종업원)",500~599만원,예    ,자녀 있음 ,연립주택/ 다세대/ 빌라,서울,송파구,마천1동,
산림치유원,국립 지덕권산림치유원 조성 본격 착수 - 전라북도 주간 소식,F,3,"자영업 (도소매업, 숙박업, 미용업)",200~299만원,아니오,          ,아파트/ 주상복합,인천,서구,당하동,"준중형차 (아반떼, K3, 크루즈, 제타급 등)"
산림치유원,영주 국립산림치유원 숲 체험 프로그램 등산 힐링캠프,F,4,"자영업 (도소매업, 숙박업, 미용업)",600~699만원,예    ,자녀 있음 ,아파트/ 주상복합,서울,영등포구,여의도동,"중형SUV (싼타페, 쏘렌토, 캡티바, BMW X3급 등)"
산림치유원,#송현초 #가족캠프 #영주산림치유원,F,3,"사무직 (일반사무직, 공무원, 직업군인)",500~599만원,예    ,자녀 있음 ,아파트/ 주상복합,경기,김포시,구래동,
산림치유원,국립 지덕권산림치유원 조성 본격 착수 - 전라북도 주간 소식,F,2,,,      ,          ,,경기,김포시,사우동,
산림치유원,국립산림치유원,F,3,"전문직 (의사, 판검사, 예술가, 종교인)",400~499만원,예    ,자녀 없음 ,아파트/ 주상복합,서울,성동구,성수동2가,
대전숲체원,새로 개원한 국립대전숲체원에서의 1박2일 : 네이버 블로그,F,3,"주부 (전업주부, 파트타임 근무 주부)",200~299만원,예    ,자녀 없음 ,아파트/ 주상복합,충남,당진군,당진읍,
산림치유원,국립산림치유원에서 치유를 경험하다,M,3,,,      ,          ,,전남,순천시,매곡동,
산림치유원,<국립산림치유원 제1차 산림치유 콜로키움 후기> : 풍기역에서 산림치유원 걸어가기,F,4,"전문직 (의사, 판검사, 예술가, 종교인)",800~899만원,예    ,자녀 있음 ,아파트/ 주상복합,인천,부평구,삼산1동,"준대형차 (그랜저, K7, 알페온, 캠리급, 파사트급 등)"
산림치유원,"영주 국립산림치유원,홍천 힐리언스 선마을~나의 웰니스 라이프, 나의 웰니스 여행, My Wellness Life",F,3,,,      ,          ,,서울,강남구,압구정동,
산림치유원,"영주 국립산림치유원,홍천 힐리언스 선마을~나의 웰니스 라이프, 나의 웰니스 여행, My Wellness Life",M,3,무직,900~999만원,아니오,          ,연립주택/ 다세대/ 빌라,서울,은평구,역촌동,"경차 (모닝, 스파크 등)"
산림치유원,국립산림치유원 마실치유숲길(다스림 데크로드),M,3,무직,900~999만원,아니오,          ,연립주택/ 다세대/ 빌라,서울,은평구,역촌동,"경차 (모닝, 스파크 등)"
산림치유원,경북영주 가볼만한곳 국립산림치유원 이용후기,F,2,"사무직 (일반사무직, 공무원, 직업군인)","1,000만원 이상",아니오,          ,아파트/ 주상복합,서울,서초구,서초4동,
산림치유원,국립산림치유원에서 맞이한 행복한 추석 연휴,M,3,"사무직 (일반사무직, 공무원, 직업군인)",400~499만원,예    ,자녀 있음 ,아파트/ 주상복합,서울,영등포구,당산동4가,"준대형차 (그랜저, K7, 알페온, 캠리급, 파사트급 등)"
산림치유원,경북영주 가볼만한곳 국립산림치유원 이용후기,F,4,,,      ,          ,,경기,안양시 동안구,평촌동,
산림치유원,국립 지덕권산림치유원 조상 본격 착수 - 전라북도 주간 소식,F,4,,,      ,          ,,서울,관악구,남현동,
산림치유원,국립산림치유원 마실치유숲길,F,2,,,      ,          ,,경기,고양시 일산서구,대화동,
산림치유원,20180908 영주 국립산림치유원의 야생화,M,4,,,      ,          ,,경기,평택시,비전2동,기타 (승합차/트럭/화물차/기타 차량 등)
산림치유원,국립산림치유원 1박2일 팸투어 힐링♥,M,2,"전문직 (의사, 판검사, 예술가, 종교인)",400~499만원,아니오,          ,아파트/ 주상복합,전북,익산시,부송동,"준중형차 (아반떼, K3, 크루즈, 제타급 등)"
산림치유원,국립산림치유원_문필마을 주변,F,3,"주부 (전업주부, 파트타임 근무 주부)",600~699만원,예    ,자녀 있음 ,아파트/ 주상복합,서울,도봉구,창4동,
산림치유원,해라이트-국립산림치유원,M,4,"사무직 (일반사무직, 공무원, 직업군인)",600~699만원,예    ,자녀 없음 ,아파트/ 주상복합,서울,강동구,암사2동,"준중형차 (아반떼, K3, 크루즈, 제타급 등)"
산림치유원,경북영주 가볼만한곳 국립산림치유원 이용후기,F,3,"자영업 (도소매업, 숙박업, 미용업)",400~499만원,예    ,자녀 있음 ,아파트/ 주상복합,경기,부천시 원미구,중1동,"소형SUV/CUV (티볼리, QM3 등)"
산림치유원,이낙연 국무총리 경북 영주시노인복지관 소수서원 국립산림치유원 웰니스 관광,M,4,,,      ,          ,,부산,부산진구,개금동,
산림치유원,[181206] 국립산림치유원(#다스림),F,4,"교직 (교사, 유치원교사, 학원강사)",400~499만원,예    ,자녀 있음 ,아파트/ 주상복합,부산,사하구,감천1동,
산림치유원,"국립산림치유원, 웰니스관광 2회 연속선정",F,2,"사무직 (일반사무직, 공무원, 직업군인)",300~399만원,아니오,          ,연립주택/ 다세대/ 빌라,경기,안양시 만안구,안양5동,
산림치유원,영주 국립산림치유원에서 제대로 힐링하세요!,F,5,"교직 (교사, 유치원교사, 학원강사)",200~299만원,예    ,자녀 없음 ,아파트/ 주상복합,서울,노원구,중계본동,"소형차 (액센트, 프라이드, 아베오, 피아트급 등)"
산림치유원,[181206] 국립산림치유원(#다스림),F,3,"사무직 (일반사무직, 공무원, 직업군인)",500~599만원,예    ,자녀 없음 ,아파트/ 주상복합,서울,강서구,등촌1동,
산림치유원,국립산림치유원 1박2일 팸투어 힐링♥,M,5,"자영업 (도소매업, 숙박업, 미용업)",400~499만원,예    ,자녀 있음 ,아파트/ 주상복합,인천,계양구,작전서운동,"대형차 (제너시스, BMW5급 등)"
