재해,사이트제목,성별,연령,직업,소득,결혼,자녀,주거,시도,구,동,자동차
산사태,"제18호태풍미탁,부산사하구에산사태일으켜…4명매몰돼구조중",M,5,,,      ,          ,,광주,남구,봉선2동,
산사태,"폭염,호우,수난사고,산사태,추락사고,화학물사고중점관리",M,3,,,      ,          ,,서울,강서구,등촌3동,
산사태,"폭염,호우,수난사고,산사태,추락사고,화학물사고중점관리",M,2,,,      ,          ,,서울,노원구,공릉1.3동,
산림재해,"파주시,해빙기산림재해우려지역안전점검실시!",M,4,"사무직 (일반사무직, 공무원, 직업군인)",700~799만원,예    ,자녀 있음 ,아파트/ 주상복합,서울,관악구,봉천동,"중형차 (쏘나타, K5, 말리부, 골프급 등)"
산불,[날씨] 건조경보에 태풍급 강풍 분다..산불 초비상 | 다음 뉴스,F,5,"주부 (전업주부, 파트타임 근무 주부)",500~599만원,예    ,자녀 있음 ,아파트/ 주상복합,경기,안양시 동안구,부흥동,"경차 (모닝, 스파크 등)"
산불,[날씨] 건조경보에 태풍급 강풍 분다..산불 초비상 | 다음 뉴스,M,4,"자영업 (도소매업, 숙박업, 미용업)",600~699만원,예    ,자녀 있음 ,단독주택,서울,관악구,대학동,"중형차 (쏘나타, K5, 말리부, 골프급 등)"
산사태,"제18호태풍미탁,부산사하구에산사태일으켜…4명매몰돼구조중",M,3,,,      ,          ,,인천,연수구,연수3동,
산사태,"청주폭우290mm물폭탄산사태홍수주의보…침수피해속출,무심천아찔",F,5,,,      ,          ,,서울,동대문구,장안2동,
산사태,태풍링링오는데속살드러낸용인석성산…산사태공포,F,4,,,      ,          ,,,,,
산불,[날씨] 건조경보에 태풍급 강풍 분다..산불 초비상 | 다음 뉴스,M,3,"사무직 (일반사무직, 공무원, 직업군인)",400~499만원,예    ,자녀 있음 ,아파트/ 주상복합,서울,마포구,성산동,"준중형SUV (투싼, 스포티지, QM5, 티구안급 등)"
산불,태풍급 강풍과 건... :: 네이버 뉴스,M,3,"사무직 (일반사무직, 공무원, 직업군인)",400~499만원,아니오,          ,연립주택/ 다세대/ 빌라,경기,수원시 영통구,영통2동,"준대형차 (그랜저, K7, 알페온, 캠리급, 파사트급 등)"
산불,[날씨] 건조경보에 태풍급 강풍 분다..산불 초비상 | 다음 뉴스,M,2,"사무직 (일반사무직, 공무원, 직업군인)",400~499만원,아니오,          ,아파트/ 주상복합,서울,양천구,신월2동,"중형차 (쏘나타, K5, 말리부, 골프급 등)"
산불,[날씨] 건조경보에 태풍급 강풍 분다..산불 초비상 | 다음 뉴스,M,3,"사무직 (일반사무직, 공무원, 직업군인)",800~899만원,아니오,          ,아파트/ 주상복합,경기,구리시,수택3동,"MPV (카니발, 올란도, 피카소급, 오딧세이 등)"
산불,[날씨] 건조경보... :: 네이버 뉴스,F,4,"주부 (전업주부, 파트타임 근무 주부)",500~599만원,예    ,자녀 있음 ,아파트/ 주상복합,서울,노원구,공릉2동,"소형차 (액센트, 프라이드, 아베오, 피아트급 등)"
산불,[날씨] 건조경보에 태풍급 강풍 분다..산불 초비상 | 다음 뉴스,F,4,"주부 (전업주부, 파트타임 근무 주부)",500~599만원,예    ,자녀 있음 ,아파트/ 주상복합,서울,노원구,공릉2동,"소형차 (액센트, 프라이드, 아베오, 피아트급 등)"
산불,[날씨] 건조경보에 태풍급 강풍 분다..산불 초비상 | 다음 뉴스,F,4,"주부 (전업주부, 파트타임 근무 주부)",400~499만원,예    ,자녀 있음 ,아파트/ 주상복합,경기,안성시,아양동,"중형차 (쏘나타, K5, 말리부, 골프급 등)"
산불,[날씨] 건조경보에 태풍급 강풍 분다..산불 초비상 | 다음 뉴스,M,4,"사무직 (일반사무직, 공무원, 직업군인)",600~699만원,예    ,자녀 있음 ,아파트/ 주상복합,대전,대덕구,법2동,"중형차 (쏘나타, K5, 말리부, 골프급 등)"
산불,태풍급 강풍과 건... :: 네이버 뉴스,F,3,"전문직 (의사, 판검사, 예술가, 종교인)",900~999만원,아니오,          ,아파트/ 주상복합,충북,청주시 상당구,용암동,
산불,[날씨] 건조경보... :: 네이버 뉴스,M,2,"전문직 (의사, 판검사, 예술가, 종교인)",700~799만원,아니오,          ,연립주택/ 다세대/ 빌라,서울,광진구,자양1동,"중형차 (쏘나타, K5, 말리부, 골프급 등)"
산불,[날씨] 건조경보... :: 네이버 뉴스,F,3,"판매직 (상점점원, 보험설계사, 노점상)",100만원 미만,아니오,          ,아파트/ 주상복합,강원,강릉시,포남2동,"준중형차 (아반떼, K3, 크루즈, 제타급 등)"
산사태,태풍및집중호우시산사태대비국민행동요령,M,2,,,      ,          ,,서울,강북구,번동,
산불,[날씨] 건조경보에 태풍급 강풍 분다..산불 초비상 | 다음 뉴스,F,4,"주부 (전업주부, 파트타임 근무 주부)",200~299만원,예    ,자녀 있음 ,연립주택/ 다세대/ 빌라,경기,평택시,오성면,
산림재해,"울릉군,산림재해일자리안전교육실시",F,5,,,      ,          ,,서울,양천구,목5동,
산불,[날씨] 건조경보에 태풍급 강풍 분다..산불 초비상 | 다음 뉴스,M,4,기타 ,300~399만원,예    ,자녀 없음 ,단독주택,경남,함안군,가야읍,"대형차 (제너시스, BMW5급 등)"
산불,강원 동해안 태풍 수준 강풍 예비특보…산불 예방 비상,F,3,"사무직 (일반사무직, 공무원, 직업군인)",400~499만원,아니오,          ,아파트/ 주상복합,전북,전주시 덕진구,송천동2가,"준중형파생 (벨로스터, I30 등)"
산불,태풍급 강풍과 건... :: 네이버 뉴스,F,3,"사무직 (일반사무직, 공무원, 직업군인)",400~499만원,아니오,          ,연립주택/ 다세대/ 빌라,서울,관악구,서원동,"경차 (모닝, 스파크 등)"
산불,강원 고성에 대형... :: 네이버 뉴스,F,3,"전문직 (의사, 판검사, 예술가, 종교인)",600~699만원,예    ,자녀 있음 ,아파트/ 주상복합,인천,동구,만석동,"중형차 (쏘나타, K5, 말리부, 골프급 등)"
산불,"이랜드, 강원 산불 피해지역에 긴급 구호물품 지원 : 네이버 포스트",F,4,"사무직 (일반사무직, 공무원, 직업군인)",500~599만원,예    ,자녀 있음 ,아파트/ 주상복합,서울,동대문구,장안2동,"중형SUV (싼타페, 쏘렌토, 캡티바, BMW X3급 등)"
산불,[강원산불] 유통... :: 네이버 뉴스,M,4,"사무직 (일반사무직, 공무원, 직업군인)",400~499만원,예    ,자녀 있음 ,아파트/ 주상복합,강원,춘천시,퇴계동,"준중형차 (아반떼, K3, 크루즈, 제타급 등)"
산불,"[강원도 산불] 기상청, 강원도 전체 강풍.. 미시령 초속 24m 태풍급 강풍 여전 | 다음 뉴스",F,2,무직,300~399만원,아니오,          ,아파트/ 주상복합,부산,금정구,장전1동,
산불,강원 산불 ‘국가... :: 네이버 뉴스,M,2,"학생 (초중고학생, 대학생, 대학원생)",500~599만원,아니오,          ,연립주택/ 다세대/ 빌라,서울,광진구,구의2동,
산불,강원 고성에 대형... :: 네이버 뉴스,F,3,"사무직 (일반사무직, 공무원, 직업군인)",600~699만원,예    ,자녀 있음 ,아파트/ 주상복합,서울,동대문구,청량리동,"준대형차 (그랜저, K7, 알페온, 캠리급, 파사트급 등)"
산불,강원 고성에 대형... :: 네이버 뉴스,F,3,"사무직 (일반사무직, 공무원, 직업군인)",600~699만원,예    ,자녀 있음 ,아파트/ 주상복합,서울,동대문구,청량리동,"준대형차 (그랜저, K7, 알페온, 캠리급, 파사트급 등)"
산불,[강원산불]태풍급... :: 네이버 뉴스,F,3,"서비스직 (요식업, 숙박업, 미용실종업원)",100~199만원,아니오,          ,연립주택/ 다세대/ 빌라,서울,중랑구,면목동,
산불,강원 고성에 대형... :: 네이버 뉴스,M,2,"학생 (초중고학생, 대학생, 대학원생)",400~499만원,아니오,          ,아파트/ 주상복합,충북,청주시 흥덕구,분평동,"중형차 (쏘나타, K5, 말리부, 골프급 등)"
산불,[긴급구호펀딩] 국가 재난 사태 강원 산불 구호 펀딩 | 와디즈 리워드 - 크라우드펀딩,F,3,"사무직 (일반사무직, 공무원, 직업군인)",400~499만원,예    ,자녀 없음 ,아파트/ 주상복합,인천,남구,주안5동,
산불,[긴급구호펀딩] 국가 재난 사태 강원 산불 구호 펀딩 | 와디즈 리워드 - 크라우드펀딩,F,3,"사무직 (일반사무직, 공무원, 직업군인)",400~499만원,예    ,자녀 없음 ,아파트/ 주상복합,인천,남구,주안5동,
산불,태풍급 강풍 양간지풍..고성 산불 순식간에 확산 | 다음 뉴스,F,4,"사무직 (일반사무직, 공무원, 직업군인)",300~399만원,아니오,          ,오피스텔,서울,관악구,청룡동,
산불,강원 고성에 대형... :: 네이버 뉴스,F,3,"주부 (전업주부, 파트타임 근무 주부)",200~299만원,예    ,자녀 있음 ,아파트/ 주상복합,경북,구미시,인의동,
산불,강원 고성에 대형... :: 네이버 뉴스,F,3,"사무직 (일반사무직, 공무원, 직업군인)",500~599만원,예    ,자녀 없음 ,아파트/ 주상복합,서울,성동구,옥수동,"준중형차 (아반떼, K3, 크루즈, 제타급 등)"
산불,강원 고성에 대형... :: 네이버 뉴스,M,4,"생산/노무직 (생산감독, 경비원, 공장근로자)",500~599만원,예    ,자녀 있음 ,아파트/ 주상복합,부산,영도구,청학2동,"준중형차 (아반떼, K3, 크루즈, 제타급 등)"
산사태,"폭염,호우,수난사고,산사태,추락사고,화학물사고중점관리",M,3,,,      ,          ,,인천,부평구,부평4동,
산사태,태풍링링오는데속살드러낸용인석성산…산사태공포,M,2,"사무직 (일반사무직, 공무원, 직업군인)",500~599만원,아니오,          ,아파트/ 주상복합,서울,구로구,개봉3동,"소형SUV/CUV (티볼리, QM3 등)"
산림재해,"파주시,해빙기산림재해우려지역안전점검실시!",M,2,"사무직 (일반사무직, 공무원, 직업군인)",500~599만원,아니오,          ,아파트/ 주상복합,서울,구로구,개봉3동,"소형SUV/CUV (티볼리, QM3 등)"
산림재해,"울릉군,산림재해일자리안전교육실시",M,2,,,      ,          ,,충남,천안시 서북구,쌍용3동,
산불,강원 산불 속초... :: 네이버 뉴스,F,2,"사무직 (일반사무직, 공무원, 직업군인)",400~499만원,아니오,          ,연립주택/ 다세대/ 빌라,충북,청주시 흥덕구,운천동,
산불,강원 산불 속초... :: 네이버 뉴스,F,3,"주부 (전업주부, 파트타임 근무 주부)",500~599만원,예    ,자녀 없음 ,아파트/ 주상복합,서울,성동구,옥수동,"소형SUV/CUV (티볼리, QM3 등)"
산불,"롯데, 강원도 산불 피해지역 긴급구호물품 지원 - 악플달면 쩌리쩌려버려 - ＊여성시대＊ 차분한 20대들의 알흠다운 공간",F,3,무직,300~399만원,아니오,          ,연립주택/ 다세대/ 빌라,서울,동작구,사당2동,
산불,"청주대, 강원 산불 피해지역에 긴급 구호물품 지원 - 　 - 　　막이슈 - 쭉빵카페",F,3,무직,300~399만원,아니오,          ,연립주택/ 다세대/ 빌라,서울,동작구,사당2동,
산불,강원 고성에 대형... :: 네이버 뉴스,F,3,"주부 (전업주부, 파트타임 근무 주부)",100~199만원,예    ,자녀 있음 ,아파트/ 주상복합,대전,동구,인동,
산불,강원 산불 ‘국가... :: 네이버 뉴스,M,4,"사무직 (일반사무직, 공무원, 직업군인)",400~499만원,아니오,          ,아파트/ 주상복합,경기,광명시,소하1동,"준중형차 (아반떼, K3, 크루즈, 제타급 등)"
산불,"유통업계, 강원 ... :: 네이버 뉴스",F,2,"학생 (초중고학생, 대학생, 대학원생)",500~599만원,아니오,          ,연립주택/ 다세대/ 빌라,경남,창원시 진해구,경화동,"준중형차 (아반떼, K3, 크루즈, 제타급 등)"
산사태,"제18호태풍미탁,부산사하구에산사태일으켜…4명매몰돼구조중",M,3,,,      ,          ,,경기,의정부시,가능2동,
산불,강원 고성에 대형... :: 네이버 뉴스,M,2,"학생 (초중고학생, 대학생, 대학원생)",200~299만원,아니오,          ,단독주택,서울,마포구,동교동,
산불,강원 산불 ‘국가... :: 네이버 뉴스,F,2,"생산/노무직 (생산감독, 경비원, 공장근로자)",900~999만원,아니오,          ,아파트/ 주상복합,서울,동작구,신대방2동,
산불,강원 고성에 대형... :: 네이버 뉴스,F,4,"주부 (전업주부, 파트타임 근무 주부)",400~499만원,예    ,자녀 있음 ,아파트/ 주상복합,충남,천안시 서북구,백석동,"준중형차 (아반떼, K3, 크루즈, 제타급 등)"
산불,강원 고성에 대형... :: 네이버 뉴스,F,4,"주부 (전업주부, 파트타임 근무 주부)",400~499만원,예    ,자녀 있음 ,아파트/ 주상복합,충남,천안시 서북구,백석동,"준중형차 (아반떼, K3, 크루즈, 제타급 등)"
산불,태풍급 강풍 양간지풍..고성 산불 순식간에 확산 | 다음 뉴스,F,4,"주부 (전업주부, 파트타임 근무 주부)",700~799만원,예    ,자녀 있음 ,아파트/ 주상복합,서울,서초구,방배본동,"중형SUV (싼타페, 쏘렌토, 캡티바, BMW X3급 등)"
산림재해,"파주시,해빙기산림재해우려지역안전점검실시!",M,3,"사무직 (일반사무직, 공무원, 직업군인)",200~299만원,아니오,          ,연립주택/ 다세대/ 빌라,서울,강동구,성내3동,"경차 (모닝, 스파크 등)"
산불,"오가닉라이프신문 모바일 사이트, [오늘날씨] 전국 흐린 주말 중부 오후 비, 충청이남 초미세먼지 나쁨…건조특보 산불 조심",F,4,"주부 (전업주부, 파트타임 근무 주부)",500~599만원,예    ,자녀 있음 ,아파트/ 주상복합,경기,용인시 기흥구,영덕동,"중형SUV (싼타페, 쏘렌토, 캡티바, BMW X3급 등)"
산불,속초시장이 무슨... :: 네이버 뉴스,M,4,"사무직 (일반사무직, 공무원, 직업군인)",400~499만원,예    ,자녀 있음 ,아파트/ 주상복합,제주,제주시,연동,"준대형차 (그랜저, K7, 알페온, 캠리급, 파사트급 등)"
산불,속초시장이 무슨... :: 네이버 뉴스,M,4,무직,100만원 미만,아니오,          ,단독주택,대구,남구,대명4동,"경차 (모닝, 스파크 등)"
산불,속초시장이 무슨... :: 네이버 뉴스,M,2,"사무직 (일반사무직, 공무원, 직업군인)",400~499만원,아니오,          ,아파트/ 주상복합,서울,양천구,신월2동,"중형차 (쏘나타, K5, 말리부, 골프급 등)"
산불,속초시장이 무슨... :: 네이버 뉴스,F,3,,,      ,          ,,서울,관악구,신림동,
산불,속초시장이 무슨... :: 네이버 뉴스,M,2,"학생 (초중고학생, 대학생, 대학원생)",300~399만원,아니오,          ,단독주택,서울,광진구,중곡3동,
산불,속초시장이 무슨... :: 네이버 뉴스,M,2,"학생 (초중고학생, 대학생, 대학원생)",300~399만원,아니오,          ,단독주택,서울,광진구,중곡3동,
산불,속초시장이 무슨... :: 네이버 뉴스,F,2,"학생 (초중고학생, 대학생, 대학원생)",400~499만원,아니오,          ,아파트/ 주상복합,경기,남양주시,도농동,
산불,[긴급구호펀딩] 국가 재난 사태 강원 산불 구호 펀딩 | 와디즈 리워드 - 크라우드펀딩,F,3,"사무직 (일반사무직, 공무원, 직업군인)",400~499만원,예    ,자녀 없음 ,아파트/ 주상복합,인천,남구,주안5동,
산불,[긴급구호펀딩] 국가 재난 사태 강원 산불 구호 펀딩 | 와디즈 리워드 - 크라우드펀딩,F,3,"사무직 (일반사무직, 공무원, 직업군인)",400~499만원,예    ,자녀 없음 ,아파트/ 주상복합,인천,남구,주안5동,
산불,[긴급구호펀딩] 국가 재난 사태 강원 산불 구호 펀딩 | 와디즈 리워드 - 크라우드펀딩,F,3,"사무직 (일반사무직, 공무원, 직업군인)",400~499만원,예    ,자녀 없음 ,아파트/ 주상복합,인천,남구,주안5동,
산불,"[주말 오늘날씨] 전국 흐리고 중부 오후 비…충청이남 초미세먼지 나쁨, 건조특보 산불 조심 - Queen-여왕의 품격",F,3,"전문직 (의사, 판검사, 예술가, 종교인)",400~499만원,아니오,          ,아파트/ 주상복합,서울,송파구,오륜동,
산불,속초시장이 무슨... :: 네이버 뉴스,F,4,"관리직 (사장, 간부, 고위공무원)",900~999만원,예    ,자녀 있음 ,단독주택,경기,용인시 처인구,고림동,"중형차 (쏘나타, K5, 말리부, 골프급 등)"
산불,속초시장이 무슨... :: 네이버 뉴스,F,3,"교직 (교사, 유치원교사, 학원강사)",200~299만원,아니오,          ,연립주택/ 다세대/ 빌라,경기,고양시 일산동구,중산동,"준중형차 (아반떼, K3, 크루즈, 제타급 등)"
산불,속초시장이 무슨... :: 네이버 뉴스,M,4,"사무직 (일반사무직, 공무원, 직업군인)",300~399만원,아니오,          ,아파트/ 주상복합,서울,강북구,번2동,"준중형차 (아반떼, K3, 크루즈, 제타급 등)"
산불,속초시장이 무슨... :: 네이버 뉴스,M,3,"사무직 (일반사무직, 공무원, 직업군인)",500~599만원,아니오,          ,연립주택/ 다세대/ 빌라,경기,광명시,소하1동,"준중형차 (아반떼, K3, 크루즈, 제타급 등)"
산불,속초시장이 무슨... :: 네이버 뉴스,F,3,"교직 (교사, 유치원교사, 학원강사)",600~699만원,예    ,자녀 있음 ,아파트/ 주상복합,충남,홍성군,홍북면,"준중형차 (아반떼, K3, 크루즈, 제타급 등)"
산림재해,"울릉군,산림재해일자리안전교육실시",M,5,"전문직 (의사, 판검사, 예술가, 종교인)",400~499만원,예    ,자녀 없음 ,단독주택,울산,남구,신정5동,"준중형SUV (투싼, 스포티지, QM5, 티구안급 등)"
산불,속초시장이 무슨... :: 네이버 뉴스,M,2,"학생 (초중고학생, 대학생, 대학원생)",200~299만원,아니오,          ,단독주택,서울,마포구,동교동,
산사태,태풍링링오는데속살드러낸용인석성산…산사태공포,M,4,"전문직 (의사, 판검사, 예술가, 종교인)",300~399만원,예    ,자녀 있음 ,아파트/ 주상복합,경기,수원시 영통구,영통동,"준중형SUV (투싼, 스포티지, QM5, 티구안급 등)"
산불,속초시장이 무슨... :: 네이버 뉴스,F,3,"사무직 (일반사무직, 공무원, 직업군인)",100~199만원,아니오,          ,아파트/ 주상복합,부산,사하구,장림2동,
산불,속초시장이 무슨... :: 네이버 뉴스,M,3,"사무직 (일반사무직, 공무원, 직업군인)",200~299만원,아니오,          ,연립주택/ 다세대/ 빌라,경기,화성시,향남읍,"준중형차 (아반떼, K3, 크루즈, 제타급 등)"
산불,속초시장이 무슨... :: 네이버 뉴스,M,4,"교직 (교사, 유치원교사, 학원강사)",600~699만원,예    ,자녀 없음 ,아파트/ 주상복합,서울,양천구,목동,"준중형SUV (투싼, 스포티지, QM5, 티구안급 등)"
산불,"오가닉라이프신문 모바일 사이트, [오늘날씨] 전국 흐린 주말 중부 오후 비, 충청이남 초미세먼지 나쁨…건조특보 산불 조심",F,3,"사무직 (일반사무직, 공무원, 직업군인)",500~599만원,예    ,자녀 없음 ,아파트/ 주상복합,경기,양주시,덕정동,
산사태,태풍및집중호우시산사태대비국민행동요령,M,4,"사무직 (일반사무직, 공무원, 직업군인)",600~699만원,예    ,자녀 있음 ,연립주택/ 다세대/ 빌라,서울,광진구,중곡동,"중형SUV (싼타페, 쏘렌토, 캡티바, BMW X3급 등)"
산불,속초시장이 무슨... :: 네이버 뉴스,F,4,"사무직 (일반사무직, 공무원, 직업군인)",500~599만원,예    ,자녀 있음 ,아파트/ 주상복합,서울,동대문구,장안2동,"중형SUV (싼타페, 쏘렌토, 캡티바, BMW X3급 등)"
산불,[긴급구호펀딩] 국가 재난 사태 강원 산불 구호 펀딩 | 와디즈 리워드 - 크라우드펀딩,F,3,"사무직 (일반사무직, 공무원, 직업군인)",400~499만원,예    ,자녀 없음 ,아파트/ 주상복합,인천,남구,주안5동,
산불,속초시장이 무슨... :: 네이버 뉴스,F,4,"사무직 (일반사무직, 공무원, 직업군인)",100~199만원,아니오,          ,아파트/ 주상복합,대구,달서구,대천동,"준중형SUV (투싼, 스포티지, QM5, 티구안급 등)"
산불,속초시장이 무슨... :: 네이버 뉴스,F,3,"사무직 (일반사무직, 공무원, 직업군인)",400~499만원,예    ,자녀 없음 ,아파트/ 주상복합,부산,동래구,명장2동,
산불,속초시장이 무슨... :: 네이버 뉴스,M,4,"사무직 (일반사무직, 공무원, 직업군인)",700~799만원,예    ,자녀 있음 ,연립주택/ 다세대/ 빌라,서울,구로구,개봉동,
산사태,태풍링링오는데속살드러낸용인석성산…산사태공포,M,4,,,      ,          ,,전북,전주시 완산구,중노송동,
산불,속초시장이 무슨... :: 네이버 뉴스,F,2,"사무직 (일반사무직, 공무원, 직업군인)",200~299만원,아니오,          ,연립주택/ 다세대/ 빌라,충북,제천시,청전동,
산사태,"제18호태풍미탁,부산사하구에산사태일으켜…4명매몰돼구조중",F,4,"전문직 (의사, 판검사, 예술가, 종교인)",300~399만원,예    ,자녀 있음 ,아파트/ 주상복합,충북,제천시,청전동,"중형차 (쏘나타, K5, 말리부, 골프급 등)"
산불,속초시장이 무슨... :: 네이버 뉴스,M,3,"관리직 (사장, 간부, 고위공무원)",500~599만원,아니오,          ,단독주택,서울,광진구,자양동,"대형SUV (베라크루즈, 모하비, 투아렉급 등)"
산사태,태풍링링오는데속살드러낸용인석성산…산사태공포,F,4,"사무직 (일반사무직, 공무원, 직업군인)",700~799만원,예    ,자녀 있음 ,아파트/ 주상복합,인천,서구,검암동,"준중형차 (아반떼, K3, 크루즈, 제타급 등)"
산불,속초시장이 무슨... :: 네이버 뉴스,F,2,"학생 (초중고학생, 대학생, 대학원생)",900~999만원,아니오,          ,아파트/ 주상복합,인천,계양구,작전동,"스포츠 (제네시스 쿠페, BMW M, 벤츠 AMG 등)"
산불,속초시장이 무슨... :: 네이버 뉴스,F,3,"사무직 (일반사무직, 공무원, 직업군인)",300~399만원,아니오,          ,아파트/ 주상복합,강원,동해시,효가동,"소형SUV/CUV (티볼리, QM3 등)"
산사태,"폭염,호우,수난사고,산사태,추락사고,화학물사고중점관리",M,2,"학생 (초중고학생, 대학생, 대학원생)",900~999만원,아니오,          ,아파트/ 주상복합,서울,서초구,서초2동,
산불,속초시장이 무슨... :: 네이버 뉴스,F,3,"주부 (전업주부, 파트타임 근무 주부)",400~499만원,예    ,자녀 있음 ,아파트/ 주상복합,충남,천안시 서북구,두정동,
산불,속초시장이 무슨... :: 네이버 뉴스,F,3,"주부 (전업주부, 파트타임 근무 주부)",400~499만원,예    ,자녀 있음 ,아파트/ 주상복합,충남,천안시 서북구,두정동,
산림재해,"파주시,해빙기산림재해우려지역안전점검실시!",M,4,,,      ,          ,,경북,칠곡군,석적읍,
산사태,태풍및집중호우시산사태대비국민행동요령,F,4,"전문직 (의사, 판검사, 예술가, 종교인)",700~799만원,아니오,          ,연립주택/ 다세대/ 빌라,서울,강남구,논현2동,
산사태,"청주폭우290mm물폭탄산사태홍수주의보…침수피해속출,무심천아찔",M,4,무직,100만원 미만,아니오,          ,아파트/ 주상복합,서울,구로구,개봉2동,
산사태,태풍링링오는데속살드러낸용인석성산…산사태공포,F,2,무직,200~299만원,아니오,          ,연립주택/ 다세대/ 빌라,강원,춘천시,후평2동,
산불,속초시장이 무슨... :: 네이버 뉴스,M,2,"사무직 (일반사무직, 공무원, 직업군인)",200~299만원,아니오,          ,오피스텔,서울,은평구,불광동,"준중형차 (아반떼, K3, 크루즈, 제타급 등)"
산불,18억 소방차 안 부러운 맹활약..우리동네 산불조심차 | 다음 뉴스,F,3,기타 ,300~399만원,예    ,자녀 있음 ,아파트/ 주상복합,인천,남구,용현5동,
산사태,태풍링링오는데속살드러낸용인석성산…산사태공포,F,2,"주부 (전업주부, 파트타임 근무 주부)",200~299만원,예    ,자녀 없음 ,아파트/ 주상복합,충북,진천군,덕산면,기타 (승합차/트럭/화물차/기타 차량 등)
산사태,태풍링링오는데속살드러낸용인석성산…산사태공포,M,4,,,      ,          ,,경기,부천시 오정구,원종1동,
산사태,"청주폭우290mm물폭탄산사태홍수주의보…침수피해속출,무심천아찔",F,4,,,      ,          ,,서울,도봉구,도봉1동,
산불,"크라운해태, 강원... :: 네이버 뉴스",F,3,,,      ,          ,,서울,관악구,신림동,
산사태,"청주폭우290mm물폭탄산사태홍수주의보…침수피해속출,무심천아찔",M,3,,,      ,          ,,대전,유성구,신봉동,
산림재해,"울릉군,산림재해일자리안전교육실시",M,3,,,      ,          ,,서울,관악구,대학동,
산사태,"폭염,호우,수난사고,산사태,추락사고,화학물사고중점관리",F,2,"학생 (초중고학생, 대학생, 대학원생)",400~499만원,아니오,          ,아파트/ 주상복합,경기,김포시,풍무동,
산사태,"폭염,호우,수난사고,산사태,추락사고,화학물사고중점관리",M,2,"자영업 (도소매업, 숙박업, 미용업)",600~699만원,아니오,          ,연립주택/ 다세대/ 빌라,경기,부천시 오정구,원종1동,
산불,[단독] 고성 산불... :: 네이버 뉴스,M,4,무직,100만원 미만,아니오,          ,단독주택,대구,남구,대명4동,"경차 (모닝, 스파크 등)"
산사태,"청주폭우290mm물폭탄산사태홍수주의보…침수피해속출,무심천아찔",M,3,"사무직 (일반사무직, 공무원, 직업군인)",200~299만원,예    ,자녀 있음 ,연립주택/ 다세대/ 빌라,서울,광진구,자양1동,"소형차 (액센트, 프라이드, 아베오, 피아트급 등)"
산림재해,"울릉군,산림재해일자리안전교육실시",M,3,,,      ,          ,,경남,창원시 진해구,여좌동,
산사태,태풍및집중호우시산사태대비국민행동요령,F,4,,,      ,          ,,경기,성남시 분당구,이매동,
산사태,"청주폭우290mm물폭탄산사태홍수주의보…침수피해속출,무심천아찔",F,4,"주부 (전업주부, 파트타임 근무 주부)",600~699만원,예    ,자녀 있음 ,아파트/ 주상복합,대구,달성군,다사읍,"준중형SUV (투싼, 스포티지, QM5, 티구안급 등)"
산불,"청주대, 강원 산불 피해지역에 긴급 구호물품 지원.jpg - 웃긴자료 ‥‥‥‥‥、 - 도탁스 (DOTAX)",F,4,"사무직 (일반사무직, 공무원, 직업군인)",200~299만원,아니오,          ,연립주택/ 다세대/ 빌라,경기,광명시,철산4동,
산사태,"폭염,호우,수난사고,산사태,추락사고,화학물사고중점관리",M,4,"사무직 (일반사무직, 공무원, 직업군인)",500~599만원,예    ,자녀 있음 ,아파트/ 주상복합,서울,구로구,구로동,"준중형차 (아반떼, K3, 크루즈, 제타급 등)"
산사태,태풍링링오는데속살드러낸용인석성산…산사태공포,F,5,,,      ,          ,,경북,김천시,부곡동,
산사태,"제18호태풍미탁,부산사하구에산사태일으켜…4명매몰돼구조중",M,4,"교직 (교사, 유치원교사, 학원강사)",200~299만원,예    ,자녀 있음 ,아파트/ 주상복합,경기,남양주시,별내면,"중형SUV (싼타페, 쏘렌토, 캡티바, BMW X3급 등)"
산사태,"청주폭우290mm물폭탄산사태홍수주의보…침수피해속출,무심천아찔",F,5,,,      ,          ,,충남,천안시 동남구,구성동,
산사태,"폭염,호우,수난사고,산사태,추락사고,화학물사고중점관리",M,4,"기능직 (자동차정비, 운전기사, 안경사, 택시기사)",200~299만원,예    ,자녀 있음 ,아파트/ 주상복합,경기,시흥시,조남동,
산사태,"제18호태풍미탁,부산사하구에산사태일으켜…4명매몰돼구조중",M,3,"자영업 (도소매업, 숙박업, 미용업)","1,000만원 이상",아니오,          ,아파트/ 주상복합,대구,달서구,이곡1동,"소형차 (액센트, 프라이드, 아베오, 피아트급 등)"
산사태,태풍링링오는데속살드러낸용인석성산…산사태공포,M,3,"사무직 (일반사무직, 공무원, 직업군인)",200~299만원,예    ,자녀 없음 ,아파트/ 주상복합,경기,남양주시,퇴계원면,"중형차 (쏘나타, K5, 말리부, 골프급 등)"
산사태,"제18호태풍미탁,부산사하구에산사태일으켜…4명매몰돼구조중",F,5,"사무직 (일반사무직, 공무원, 직업군인)",400~499만원,예    ,자녀 있음 ,아파트/ 주상복합,서울,송파구,가락1동,"준중형SUV (투싼, 스포티지, QM5, 티구안급 등)"
산림재해,"울릉군,산림재해일자리안전교육실시",M,2,무직,300~399만원,아니오,          ,단독주택,부산,사상구,주례3동,"소형차 (액센트, 프라이드, 아베오, 피아트급 등)"
산사태,"폭염,호우,수난사고,산사태,추락사고,화학물사고중점관리",M,4,"자영업 (도소매업, 숙박업, 미용업)",600~699만원,예    ,자녀 있음 ,아파트/ 주상복합,경기,광명시,소하동,"중형차 (쏘나타, K5, 말리부, 골프급 등)"
산사태,"청주폭우290mm물폭탄산사태홍수주의보…침수피해속출,무심천아찔",M,4,"사무직 (일반사무직, 공무원, 직업군인)",500~599만원,예    ,자녀 있음 ,아파트/ 주상복합,전남,화순군,화순읍,"중형차 (쏘나타, K5, 말리부, 골프급 등)"
산사태,"제18호태풍미탁,부산사하구에산사태일으켜…4명매몰돼구조중",M,4,,,      ,          ,,강원,원주시,일산동,
산사태,"제18호태풍미탁,부산사하구에산사태일으켜…4명매몰돼구조중",M,3,"전문직 (의사, 판검사, 예술가, 종교인)",100~199만원,아니오,          ,단독주택,서울,광진구,중곡4동,
산사태,"폭염,호우,수난사고,산사태,추락사고,화학물사고중점관리",F,3,"사무직 (일반사무직, 공무원, 직업군인)",700~799만원,아니오,          ,아파트/ 주상복합,경기,화성시,남양동,
산사태,태풍및집중호우시산사태대비국민행동요령,F,3,"교직 (교사, 유치원교사, 학원강사)",400~499만원,예    ,자녀 없음 ,아파트/ 주상복합,경기,가평군,가평읍,"중형SUV (싼타페, 쏘렌토, 캡티바, BMW X3급 등)"
산사태,"제18호태풍미탁,부산사하구에산사태일으켜…4명매몰돼구조중",F,4,"사무직 (일반사무직, 공무원, 직업군인)",300~399만원,아니오,          ,아파트/ 주상복합,서울,영등포구,문래동6가,"경차 (모닝, 스파크 등)"
산사태,태풍및집중호우시산사태대비국민행동요령,M,2,무직,100~199만원,아니오,          ,아파트/ 주상복합,경기,남양주시,와부읍,"경차 (모닝, 스파크 등)"
산사태,"폭염,호우,수난사고,산사태,추락사고,화학물사고중점관리",F,4,"주부 (전업주부, 파트타임 근무 주부)",200~299만원,예    ,자녀 있음 ,연립주택/ 다세대/ 빌라,충북,음성군,맹동면,
산사태,"제18호태풍미탁,부산사하구에산사태일으켜…4명매몰돼구조중",M,5,,,      ,          ,,서울,금천구,시흥4동,
산림재해,"울릉군,산림재해일자리안전교육실시",F,4,"주부 (전업주부, 파트타임 근무 주부)",400~499만원,예    ,자녀 있음 ,아파트/ 주상복합,대구,남구,대명1동,
산사태,"제18호태풍미탁,부산사하구에산사태일으켜…4명매몰돼구조중",M,3,,,      ,          ,,대전,동구,가오동,
산사태,태풍링링오는데속살드러낸용인석성산…산사태공포,M,4,,,      ,          ,,경기,남양주시,화도읍,
산림재해,"파주시,해빙기산림재해우려지역안전점검실시!",F,4,"주부 (전업주부, 파트타임 근무 주부)",800~899만원,예    ,자녀 있음 ,아파트/ 주상복합,경기,용인시 수지구,성복동,"중형차 (쏘나타, K5, 말리부, 골프급 등)"
산사태,"제18호태풍미탁,부산사하구에산사태일으켜…4명매몰돼구조중",M,5,"자영업 (도소매업, 숙박업, 미용업)",100~199만원,아니오,          ,아파트/ 주상복합,서울,강서구,방화3동,"중형차 (쏘나타, K5, 말리부, 골프급 등)"
산사태,태풍및집중호우시산사태대비국민행동요령,M,4,,,      ,          ,,서울,강남구,대치1동,
산사태,"제18호태풍미탁,부산사하구에산사태일으켜…4명매몰돼구조중",M,2,,,      ,          ,,충북,청주시 상당구,율량동,
산사태,"제18호태풍미탁,부산사하구에산사태일으켜…4명매몰돼구조중",M,4,,,      ,          ,,경기,용인시 기흥구,청덕동,
산사태,"폭염,호우,수난사고,산사태,추락사고,화학물사고중점관리",M,5,퇴직/연금생활자,100~199만원,아니오,          ,연립주택/ 다세대/ 빌라,인천,서구,당하동,"중형SUV (싼타페, 쏘렌토, 캡티바, BMW X3급 등)"
산불,☆ 산불조심! 용인군수!...☆ : 네이버 카페,F,4,"주부 (전업주부, 파트타임 근무 주부)",200~299만원,예    ,자녀 있음 ,단독주택,충남,천안시 동남구,북면,"경차 (모닝, 스파크 등)"
산사태,태풍및집중호우시산사태대비국민행동요령,M,5,기타 ,100~199만원,아니오,          ,아파트/ 주상복합,경북,경산시,중산동,"준대형차 (그랜저, K7, 알페온, 캠리급, 파사트급 등)"
산사태,"청주폭우290mm물폭탄산사태홍수주의보…침수피해속출,무심천아찔",M,2,,,      ,          ,,서울,강남구,개포1동,
산림재해,"울릉군,산림재해일자리안전교육실시",M,2,,,      ,          ,,서울,양천구,목2동,
산사태,"폭염,호우,수난사고,산사태,추락사고,화학물사고중점관리",F,5,"주부 (전업주부, 파트타임 근무 주부)",300~399만원,예    ,자녀 있음 ,연립주택/ 다세대/ 빌라,대전,서구,괴정동,"준중형차 (아반떼, K3, 크루즈, 제타급 등)"
산림재해,"울릉군,산림재해일자리안전교육실시",M,4,"교직 (교사, 유치원교사, 학원강사)",400~499만원,아니오,          ,아파트/ 주상복합,대전,서구,월평3동,"중형차 (쏘나타, K5, 말리부, 골프급 등)"
산사태,"폭염,호우,수난사고,산사태,추락사고,화학물사고중점관리",M,4,,,      ,          ,,부산,영도구,동삼동,
산사태,"제18호태풍미탁,부산사하구에산사태일으켜…4명매몰돼구조중",F,3,"사무직 (일반사무직, 공무원, 직업군인)",500~599만원,예    ,자녀 없음 ,아파트/ 주상복합,부산,북구,화명3동,
산사태,태풍및집중호우시산사태대비국민행동요령,M,2,"전문직 (의사, 판검사, 예술가, 종교인)","1,000만원 이상",아니오,          ,단독주택,부산,연제구,거제4동,"중형차 (쏘나타, K5, 말리부, 골프급 등)"
산림재해,"울릉군,산림재해일자리안전교육실시",M,4,"교직 (교사, 유치원교사, 학원강사)",100~199만원,아니오,          ,아파트/ 주상복합,부산,강서구,명지동,
산사태,"제18호태풍미탁,부산사하구에산사태일으켜…4명매몰돼구조중",M,2,,,      ,          ,,경기,양주시,백석읍,
산사태,"제18호태풍미탁,부산사하구에산사태일으켜…4명매몰돼구조중",F,4,"교직 (교사, 유치원교사, 학원강사)",300~399만원,예    ,자녀 있음 ,연립주택/ 다세대/ 빌라,부산,해운대구,좌2동,
산사태,"폭염,호우,수난사고,산사태,추락사고,화학물사고중점관리",M,3,"사무직 (일반사무직, 공무원, 직업군인)",200~299만원,아니오,          ,연립주택/ 다세대/ 빌라,서울,강동구,성내3동,"경차 (모닝, 스파크 등)"
산사태,"청주폭우290mm물폭탄산사태홍수주의보…침수피해속출,무심천아찔",M,5,"사무직 (일반사무직, 공무원, 직업군인)","1,000만원 이상",예    ,자녀 있음 ,아파트/ 주상복합,서울,동작구,상도1동,"중형SUV (싼타페, 쏘렌토, 캡티바, BMW X3급 등)"
산사태,"청주폭우290mm물폭탄산사태홍수주의보…침수피해속출,무심천아찔",M,3,"사무직 (일반사무직, 공무원, 직업군인)",200~299만원,예    ,자녀 없음 ,연립주택/ 다세대/ 빌라,인천,서구,석남3동,"준중형SUV (투싼, 스포티지, QM5, 티구안급 등)"
산사태,"폭염,호우,수난사고,산사태,추락사고,화학물사고중점관리",M,4,"학생 (초중고학생, 대학생, 대학원생)",300~399만원,아니오,          ,아파트/ 주상복합,서울,강남구,개포1동,
산사태,태풍및집중호우시산사태대비국민행동요령,M,2,,,      ,          ,,광주,서구,화정4동,
산사태,"청주폭우290mm물폭탄산사태홍수주의보…침수피해속출,무심천아찔",F,4,"판매직 (상점점원, 보험설계사, 노점상)",200~299만원,예    ,자녀 없음 ,오피스텔,부산,서구,서대신동1가,
산림재해,"파주시,해빙기산림재해우려지역안전점검실시!",M,2,"생산/노무직 (생산감독, 경비원, 공장근로자)",100~199만원,아니오,          ,연립주택/ 다세대/ 빌라,부산,수영구,수영동,
산사태,태풍및집중호우시산사태대비국민행동요령,M,4,"관리직 (사장, 간부, 고위공무원)","1,000만원 이상",예    ,자녀 있음 ,아파트/ 주상복합,경기,수원시 영통구,원천동,"대형SUV (베라크루즈, 모하비, 투아렉급 등)"
산사태,"남아공, 폭우에 ... :: 네이버 뉴스",M,5,"관리직 (사장, 간부, 고위공무원)",600~699만원,예    ,자녀 있음 ,아파트/ 주상복합,서울,송파구,잠실동,"중형차 (쏘나타, K5, 말리부, 골프급 등)"
산사태,"폭염,호우,수난사고,산사태,추락사고,화학물사고중점관리",M,5,"생산/노무직 (생산감독, 경비원, 공장근로자)",300~399만원,예    ,자녀 없음 ,아파트/ 주상복합,경북,포항시 남구,대도동,"준중형SUV (투싼, 스포티지, QM5, 티구안급 등)"
산사태,태풍및집중호우시산사태대비국민행동요령,M,3,,,      ,          ,,경기,안양시 동안구,관양동,
산사태,태풍링링오는데속살드러낸용인석성산…산사태공포,F,5,,,      ,          ,,전남,해남군,해남읍,
산림재해,"파주시,해빙기산림재해우려지역안전점검실시!",M,5,,,      ,          ,,서울,강서구,등촌2동,
산사태,태풍및집중호우시산사태대비국민행동요령,M,2,,,      ,          ,,대구,달서구,장기동,
산림재해,"파주시,해빙기산림재해우려지역안전점검실시!",M,2,,,      ,          ,,경기,성남시 중원구,중동,
산림재해,"파주시,해빙기산림재해우려지역안전점검실시!",M,5,,,      ,          ,,경북,포항시 북구,용흥동,
산사태,강원 오늘 밤부터... :: 네이버 뉴스,F,2,"사무직 (일반사무직, 공무원, 직업군인)",200~299만원,아니오,          ,연립주택/ 다세대/ 빌라,강원,삼척시,도계읍,
산불,가을장마에 초강력 태풍까지…산불피해지 2차피해 우려,F,3,"사무직 (일반사무직, 공무원, 직업군인)",100~199만원,아니오,          ,연립주택/ 다세대/ 빌라,경기,수원시 권선구,권선동,
산사태,태풍 타파 제주도 접근…700㎜ 물폭탄에 산사태·침수 우려 - 중앙일보,F,3,"주부 (전업주부, 파트타임 근무 주부)",200~299만원,예    ,자녀 있음 ,단독주택,광주,북구,유동,
산사태,"청주폭우290mm물폭탄산사태홍수주의보…침수피해속출,무심천아찔",F,2,"학생 (초중고학생, 대학생, 대학원생)",800~899만원,아니오,          ,아파트/ 주상복합,인천,부평구,삼산동,
산림재해,"울릉군,산림재해일자리안전교육실시",M,2,,,      ,          ,,경기,화성시,향남읍,
산림재해,"울릉군,산림재해일자리안전교육실시",M,3,"사무직 (일반사무직, 공무원, 직업군인)",300~399만원,아니오,          ,연립주택/ 다세대/ 빌라,경기,성남시 분당구,분당동,"중형SUV (싼타페, 쏘렌토, 캡티바, BMW X3급 등)"
산림재해,"파주시,해빙기산림재해우려지역안전점검실시!",M,4,,,      ,          ,,부산,영도구,동삼동,
산사태,태풍및집중호우시산사태대비국민행동요령,M,5,"자영업 (도소매업, 숙박업, 미용업)",700~799만원,예    ,자녀 있음 ,아파트/ 주상복합,경기,안양시 동안구,비산1동,"준대형차 (그랜저, K7, 알페온, 캠리급, 파사트급 등)"
산림재해,"파주시,해빙기산림재해우려지역안전점검실시!",M,4,,,      ,          ,,강원,강릉시,홍제동,
산사태,태풍및집중호우시산사태대비국민행동요령,F,2,"주부 (전업주부, 파트타임 근무 주부)",200~299만원,예    ,자녀 있음 ,연립주택/ 다세대/ 빌라,경기,성남시 중원구,상대원2동,
산사태,태풍 미탁 | 처참한 부산 산사태 현장,F,4,"사무직 (일반사무직, 공무원, 직업군인)",500~599만원,예    ,자녀 있음 ,아파트/ 주상복합,경기,화성시,향남읍,"중형차 (쏘나타, K5, 말리부, 골프급 등)"
산사태,이창규 기자 - 부산서 산사태 발생해 4명 매몰돼 구조 작업 진행 중…제18호 태풍 미탁으로 남부지방 피해 속출 - 톱스타뉴스,M,4,"사무직 (일반사무직, 공무원, 직업군인)",500~599만원,예    ,자녀 있음 ,아파트/ 주상복합,부산,강서구,명지동,"중형차 (쏘나타, K5, 말리부, 골프급 등)"
산사태,"제18호 태풍 미탁, 부산 사하구에 산사태 일으켜…4명 매몰돼 구조중 : 네이버 포스트",M,4,"사무직 (일반사무직, 공무원, 직업군인)",500~599만원,예    ,자녀 있음 ,아파트/ 주상복합,부산,강서구,명지동,"중형차 (쏘나타, K5, 말리부, 골프급 등)"
산사태,이창규 기자 - 부산서 산사태 발생해 4명 매몰돼 구조 작업 진행 중…제18호 태풍 미탁으로 남부지방 피해 속출 - 톱스타뉴스,M,4,"사무직 (일반사무직, 공무원, 직업군인)",500~599만원,예    ,자녀 있음 ,아파트/ 주상복합,부산,강서구,명지동,"중형차 (쏘나타, K5, 말리부, 골프급 등)"
산사태,태풍 미탁으로 6명 사망…부산 산사태로 4명 매몰 추정(종합),M,4,"사무직 (일반사무직, 공무원, 직업군인)",500~599만원,예    ,자녀 있음 ,아파트/ 주상복합,부산,강서구,명지동,"중형차 (쏘나타, K5, 말리부, 골프급 등)"
산사태,태풍 미탁 | 처참한 부산 산사태 현장,M,4,"교직 (교사, 유치원교사, 학원강사)",500~599만원,예    ,자녀 없음 ,아파트/ 주상복합,대구,중구,대신동,"준중형차 (아반떼, K3, 크루즈, 제타급 등)"
산사태,태풍 미탁 | 처참한 부산 산사태 현장,M,4,"사무직 (일반사무직, 공무원, 직업군인)",400~499만원,예    ,자녀 있음 ,아파트/ 주상복합,강원,춘천시,퇴계동,"준중형차 (아반떼, K3, 크루즈, 제타급 등)"
산사태,태풍 미탁 | 처참한 부산 산사태 현장,M,4,"사무직 (일반사무직, 공무원, 직업군인)",400~499만원,예    ,자녀 있음 ,아파트/ 주상복합,강원,춘천시,퇴계동,"준중형차 (아반떼, K3, 크루즈, 제타급 등)"
산사태,태풍 미탁 | 처참한 부산 산사태 현장,M,5,"관리직 (사장, 간부, 고위공무원)",600~699만원,예    ,자녀 있음 ,아파트/ 주상복합,충북,청주시 흥덕구,송정동,"중형SUV (싼타페, 쏘렌토, 캡티바, BMW X3급 등)"
산사태,태풍 미탁 | 처참한 부산 산사태 현장,M,5,"관리직 (사장, 간부, 고위공무원)",600~699만원,예    ,자녀 있음 ,아파트/ 주상복합,충북,청주시 흥덕구,송정동,"중형SUV (싼타페, 쏘렌토, 캡티바, BMW X3급 등)"
산사태,태풍 미탁으로 6명 사망..부산 산사태로 4명 매몰 추정(종합) | 다음 뉴스,F,3,"서비스직 (요식업, 숙박업, 미용실종업원)",200~299만원,아니오,          ,연립주택/ 다세대/ 빌라,서울,관악구,청룡동,
산사태,태풍 미탁 | 처참한 부산 산사태 현장,M,5,"사무직 (일반사무직, 공무원, 직업군인)",600~699만원,예    ,자녀 있음 ,아파트/ 주상복합,대구,수성구,사월동,"준대형차 (그랜저, K7, 알페온, 캠리급, 파사트급 등)"
산사태,태풍 미탁 영향 4명·2명 실종..열차 탈선에 산사태로 매몰자 발생,M,3,"학생 (초중고학생, 대학생, 대학원생)",100~199만원,아니오,          ,연립주택/ 다세대/ 빌라,서울,성북구,보문동2가,"준중형SUV (투싼, 스포티지, QM5, 티구안급 등)"
산사태,태풍 미탁 | 처참한 부산 산사태 현장,M,4,"사무직 (일반사무직, 공무원, 직업군인)",300~399만원,예    ,자녀 있음 ,아파트/ 주상복합,전북,전주시 완산구,중화산동2가,"중형차 (쏘나타, K5, 말리부, 골프급 등)"
산사태,"전국 태풍피해, 사망 6명으로 늘어…부산 산사태로 4명 매몰",F,2,"학생 (초중고학생, 대학생, 대학원생)",500~599만원,아니오,          ,아파트/ 주상복합,부산,동구,초량동,
산사태,태풍 미탁 | 처참한 부산 산사태 현장,M,4,"기능직 (자동차정비, 운전기사, 안경사, 택시기사)",200~299만원,예    ,자녀 있음 ,아파트/ 주상복합,경기,김포시,통진읍,"MPV (카니발, 올란도, 피카소급, 오딧세이 등)"
산사태,"전국 태풍피해, 사망 6명으로 늘어…부산 산사태로 4명 매몰",F,3,"사무직 (일반사무직, 공무원, 직업군인)",400~499만원,예    ,자녀 있음 ,연립주택/ 다세대/ 빌라,인천,서구,검암동,"준중형차 (아반떼, K3, 크루즈, 제타급 등)"
산사태,"전국 태풍피해, 사망 6명으로 늘어…부산 산사태로 4명 매몰",F,3,"사무직 (일반사무직, 공무원, 직업군인)",400~499만원,예    ,자녀 있음 ,연립주택/ 다세대/ 빌라,인천,서구,검암동,"준중형차 (아반떼, K3, 크루즈, 제타급 등)"
산사태,"태풍 미탁으로 산사태 발생…봉화서 관광열차 탈선, 사상자 없어",F,3,"사무직 (일반사무직, 공무원, 직업군인)",200~299만원,아니오,          ,아파트/ 주상복합,대구,남구,봉덕1동,
산사태,"태풍 미탁 영향, 산사태 위기경보 ‘주의’로 상향",F,2,"사무직 (일반사무직, 공무원, 직업군인)",100~199만원,아니오,          ,단독주택,광주,서구,상무동,
산림재해,"파주시,해빙기산림재해우려지역안전점검실시!",M,4,,,      ,          ,,경기,수원시 영통구,망포동,
산사태,"태풍 미탁으로 산사태 발생…봉화서 관광열차 탈선, 사상자 없어",M,3,"사무직 (일반사무직, 공무원, 직업군인)",700~799만원,아니오,          ,연립주택/ 다세대/ 빌라,서울,관악구,봉천동,"준대형차 (그랜저, K7, 알페온, 캠리급, 파사트급 등)"
산사태,(10.3. 낮 1시 피해소식 추가)18호 태풍 미탁! 피해속출! 경상도 동해안 침수피해 잇따라! 부산 산사태! 폭우 침수 피해시 주의점! 19호 태풍 하기비스 경로! : 네이버 ,F,3,"사무직 (일반사무직, 공무원, 직업군인)",600~699만원,예    ,자녀 있음 ,아파트/ 주상복합,충남,천안시 서북구,쌍용2동,
산사태,(10.3. 낮 1시 피해소식 추가)18호 태풍 미탁! 피해속출! 경상도 동해안 침수피해 잇따라! 부산 산사태! 폭우 침수 피해시 주의점! 19호 태풍 하기비스 경로! : 네이버 ,F,3,"사무직 (일반사무직, 공무원, 직업군인)",600~699만원,예    ,자녀 있음 ,아파트/ 주상복합,충남,천안시 서북구,쌍용2동,
산사태,(10.3. 낮 1시 피해소식 추가)18호 태풍 미탁! 피해속출! 경상도 동해안 침수피해 잇따라! 부산 산사태! 폭우 침수 피해시 주의점! 19호 태풍 하기비스 경로! : 네이버 ,F,3,"사무직 (일반사무직, 공무원, 직업군인)",600~699만원,예    ,자녀 있음 ,아파트/ 주상복합,충남,천안시 서북구,쌍용2동,
산사태,(10.3. 낮 1시 피해소식 추가)18호 태풍 미탁! 피해속출! 경상도 동해안 침수피해 잇따라! 부산 산사태! 폭우 침수 피해시 주의점! 19호 태풍 하기비스 경로! : 네이버 ,F,3,"사무직 (일반사무직, 공무원, 직업군인)",600~699만원,예    ,자녀 있음 ,아파트/ 주상복합,충남,천안시 서북구,쌍용2동,
산림재해,"울릉군,산림재해일자리안전교육실시",M,3,"사무직 (일반사무직, 공무원, 직업군인)",300~399만원,예    ,자녀 없음 ,아파트/ 주상복합,경기,안성시,대덕면,"준중형차 (아반떼, K3, 크루즈, 제타급 등)"
산사태,태풍및집중호우시산사태대비국민행동요령,M,3,"사무직 (일반사무직, 공무원, 직업군인)",300~399만원,아니오,          ,아파트/ 주상복합,부산,부산진구,부암동,
산사태,태풍 미탁 | 처참한 부산 산사태 현장,F,4,"사무직 (일반사무직, 공무원, 직업군인)",700~799만원,예    ,자녀 있음 ,아파트/ 주상복합,대구,북구,침산동,"경차 (모닝, 스파크 등)"
산사태,태풍 미탁 | 처참한 부산 산사태 현장,M,4,무직,100~199만원,예    ,자녀 있음 ,단독주택,인천,남동구,만수4동,"MPV (카니발, 올란도, 피카소급, 오딧세이 등)"
산사태,태풍 미탁 | 처참한 부산 산사태 현장,M,4,무직,100~199만원,예    ,자녀 있음 ,단독주택,인천,남동구,만수4동,"MPV (카니발, 올란도, 피카소급, 오딧세이 등)"
산사태,짧은 시간 갑자기 쏟아진 폭우… 산사태-급류로 인명 피해 커져,M,3,"사무직 (일반사무직, 공무원, 직업군인)",500~599만원,아니오,          ,연립주택/ 다세대/ 빌라,부산,연제구,거제3동,"중형차 (쏘나타, K5, 말리부, 골프급 등)"
산사태,태풍에 내린 비로 부산서 산사태..일가족 3명 등 4명 매몰(종합2보) | 다음 뉴스,F,3,"판매직 (상점점원, 보험설계사, 노점상)",100~199만원,아니오,          ,단독주택,광주,서구,화정3동,
산사태,태풍이 할퀸 부산 대형 산사태…토사 3m 아래 4명 매몰·시신 훼손,F,4,"주부 (전업주부, 파트타임 근무 주부)",300~399만원,예    ,자녀 있음 ,아파트/ 주상복합,경남,진주시,상평동,"준대형차 (그랜저, K7, 알페온, 캠리급, 파사트급 등)"
산사태,태풍이 할퀸 부산 대형 산사태…토사 3m 아래 4명 매몰·시신 훼손,F,4,"주부 (전업주부, 파트타임 근무 주부)",300~399만원,예    ,자녀 있음 ,아파트/ 주상복합,경남,진주시,상평동,"준대형차 (그랜저, K7, 알페온, 캠리급, 파사트급 등)"
산사태,태풍에 내린 비로 부산서 산사태…일가족 3명 등 4명 매몰(종합2보),F,3,"사무직 (일반사무직, 공무원, 직업군인)",300~399만원,아니오,          ,연립주택/ 다세대/ 빌라,부산,해운대구,재송2동,
산사태,짧은 시간 갑자기 쏟아진 폭우… 산사태-급류로 인명 피해 커져,M,4,"사무직 (일반사무직, 공무원, 직업군인)",700~799만원,예    ,자녀 있음 ,연립주택/ 다세대/ 빌라,서울,구로구,개봉동,
산사태,태풍이 할퀸 부산 대형 산사태…토사 3m 아래 4명 매몰·시신 훼손,M,2,"전문직 (의사, 판검사, 예술가, 종교인)",700~799만원,아니오,          ,연립주택/ 다세대/ 빌라,서울,광진구,자양1동,"중형차 (쏘나타, K5, 말리부, 골프급 등)"
산림재해,"울릉군,산림재해일자리안전교육실시",M,3,,,      ,          ,,서울,은평구,불광1동,
산사태,짧은 시간 갑자기 쏟아진 폭우… 산사태-급류로 인명 피해 커져,M,2,"학생 (초중고학생, 대학생, 대학원생)",300~399만원,아니오,          ,아파트/ 주상복합,경기,수원시 팔달구,인계동,"중형차 (쏘나타, K5, 말리부, 골프급 등)"
산사태,"폭염,호우,수난사고,산사태,추락사고,화학물사고중점관리",F,2,,,      ,          ,,서울,강서구,내발산동,
산사태,"청주폭우290mm물폭탄산사태홍수주의보…침수피해속출,무심천아찔",M,4,"사무직 (일반사무직, 공무원, 직업군인)",500~599만원,예    ,자녀 있음 ,아파트/ 주상복합,강원,홍천군,홍천읍,"중형차 (쏘나타, K5, 말리부, 골프급 등)"
산사태,태풍및집중호우시산사태대비국민행동요령,M,4,"자영업 (도소매업, 숙박업, 미용업)",400~499만원,예    ,자녀 있음 ,연립주택/ 다세대/ 빌라,인천,서구,가정동,"대형차 (제너시스, BMW5급 등)"
산사태,(10.4. 오전 9시 추가) 19호 태풍 하기비스 경로! 트로피칼 93W 요란 발표! 20호 태풍 너구리 잇따라! 미탁 피해속출! 부산 산사태! 폭우 침수 피해시 주의점! : 네,F,3,"주부 (전업주부, 파트타임 근무 주부)",400~499만원,예    ,자녀 있음 ,아파트/ 주상복합,부산,사하구,구평동,
산사태,(10.4. 오전 9시 추가) 19호 태풍 하기비스 경로! 트로피칼 93W 요란 발표! 20호 태풍 너구리 잇따라! 미탁 피해속출! 부산 산사태! 폭우 침수 피해시 주의점! : 네,F,3,"주부 (전업주부, 파트타임 근무 주부)",400~499만원,예    ,자녀 있음 ,아파트/ 주상복합,부산,사하구,구평동,
산사태,황교안 태풍 미탁 산사태로 네 분 돌아가셔..가슴이 아프다 | 다음 뉴스,F,5,"사무직 (일반사무직, 공무원, 직업군인)",800~899만원,예    ,자녀 있음 ,아파트/ 주상복합,경기,부천시 소사구,송내동,"중형SUV (싼타페, 쏘렌토, 캡티바, BMW X3급 등)"
산사태,황교안 태풍 미탁 산사태로 네 분 돌아가셔..가슴이 아프다 | 다음 뉴스,M,5,"관리직 (사장, 간부, 고위공무원)",600~699만원,예    ,자녀 있음 ,아파트/ 주상복합,부산,연제구,거제2동,"준대형차 (그랜저, K7, 알페온, 캠리급, 파사트급 등)"
산사태,"청주폭우290mm물폭탄산사태홍수주의보…침수피해속출,무심천아찔",M,4,"생산/노무직 (생산감독, 경비원, 공장근로자)",200~299만원,아니오,          ,단독주택,충남,공주시,장기면,"경차 (모닝, 스파크 등)"
산사태,황교안 태풍 미탁 산사태로 네 분 돌아가셔..가슴이 아프다 | 다음 뉴스,M,4,"기능직 (자동차정비, 운전기사, 안경사, 택시기사)",200~299만원,예    ,자녀 있음 ,아파트/ 주상복합,경기,김포시,통진읍,"MPV (카니발, 올란도, 피카소급, 오딧세이 등)"
산사태,(10.4. 밤 9시 추가) 19호 태풍 하기비스 경로! 트로피칼 93W 요란 발표! 20호 태풍 너구리 잇따라! 미탁 피해속출! 부산 산사태! 폭우 침수 피해시 주의점! : 네이,M,4,"사무직 (일반사무직, 공무원, 직업군인)",400~499만원,예    ,자녀 있음 ,연립주택/ 다세대/ 빌라,부산,동구,좌천동,"중형차 (쏘나타, K5, 말리부, 골프급 등)"
산사태,(10.4. 밤 9시 추가) 19호 태풍 하기비스 경로! 트로피칼 93W 요란 발표! 20호 태풍 너구리 잇따라! 미탁 피해속출! 부산 산사태! 폭우 침수 피해시 주의점! : 네이,M,4,"사무직 (일반사무직, 공무원, 직업군인)",400~499만원,예    ,자녀 있음 ,연립주택/ 다세대/ 빌라,부산,동구,좌천동,"중형차 (쏘나타, K5, 말리부, 골프급 등)"
산사태,(10.4. 밤 9시 추가) 19호 태풍 하기비스 경로! 트로피칼 93W 요란 발표! 20호 태풍 너구리 잇따라! 미탁 피해속출! 부산 산사태! 폭우 침수 피해시 주의점! : 네이,M,4,"사무직 (일반사무직, 공무원, 직업군인)",400~499만원,예    ,자녀 있음 ,연립주택/ 다세대/ 빌라,부산,동구,좌천동,"중형차 (쏘나타, K5, 말리부, 골프급 등)"
산사태,(10.4. 밤 9시 추가) 19호 태풍 하기비스 경로! 트로피칼 93W 요란 발표! 20호 태풍 너구리 잇따라! 미탁 피해속출! 부산 산사태! 폭우 침수 피해시 주의점! : 네이,M,4,"사무직 (일반사무직, 공무원, 직업군인)",400~499만원,예    ,자녀 있음 ,연립주택/ 다세대/ 빌라,부산,동구,좌천동,"중형차 (쏘나타, K5, 말리부, 골프급 등)"
산사태,태풍및집중호우시산사태대비국민행동요령,F,4,무직,100~199만원,아니오,          ,단독주택,부산,부산진구,당감1동,
산사태,(10.4. 밤 9시 추가) 19호 태풍 하기비스 경로! 트로피칼 93W 요란 발표! 20호 태풍 너구리 잇따라! 미탁 피해속출! 부산 산사태! 폭우 침수 피해시 주의점! : 네이,F,3,"전문직 (의사, 판검사, 예술가, 종교인)","1,000만원 이상",아니오,          ,연립주택/ 다세대/ 빌라,충남,천안시 서북구,성정동,
산사태,(10.4. 밤 9시 추가) 19호 태풍 하기비스 경로! 트로피칼 93W 요란 발표! 20호 태풍 너구리 잇따라! 미탁 피해속출! 부산 산사태! 폭우 침수 피해시 주의점! : 네이,F,3,"전문직 (의사, 판검사, 예술가, 종교인)","1,000만원 이상",아니오,          ,연립주택/ 다세대/ 빌라,충남,천안시 서북구,성정동,
산사태,(10.4. 밤 9시 추가) 19호 태풍 하기비스 경로! 트로피칼 93W 요란 발표! 20호 태풍 너구리 잇따라! 미탁 피해속출! 부산 산사태! 폭우 침수 피해시 주의점! : 네이,F,3,"전문직 (의사, 판검사, 예술가, 종교인)","1,000만원 이상",아니오,          ,연립주택/ 다세대/ 빌라,충남,천안시 서북구,성정동,
산사태,(10.4. 밤 9시 추가) 19호 태풍 하기비스 경로! 트로피칼 93W 요란 발표! 20호 태풍 너구리 잇따라! 미탁 피해속출! 부산 산사태! 폭우 침수 피해시 주의점! : 네이,F,3,"전문직 (의사, 판검사, 예술가, 종교인)","1,000만원 이상",아니오,          ,연립주택/ 다세대/ 빌라,충남,천안시 서북구,성정동,
산사태,"폭염,호우,수난사고,산사태,추락사고,화학물사고중점관리",M,5,퇴직/연금생활자,200~299만원,예    ,자녀 있음 ,단독주택,충남,예산군,예산읍,
산사태,"폭염,호우,수난사고,산사태,추락사고,화학물사고중점관리",F,3,"주부 (전업주부, 파트타임 근무 주부)",200~299만원,예    ,자녀 없음 ,아파트/ 주상복합,경기,평택시,청북면,
산사태,(10.4. 밤 9시 추가) 19호 태풍 하기비스 경로! 트로피칼 93W 요란 발표! 20호 태풍 너구리 잇따라! 미탁 피해속출! 부산 산사태! 폭우 침수 피해시 주의점! : 네이,F,3,"사무직 (일반사무직, 공무원, 직업군인)",300~399만원,아니오,          ,연립주택/ 다세대/ 빌라,부산,해운대구,재송2동,
산사태,(10.4. 밤 9시 추가) 19호 태풍 하기비스 경로! 트로피칼 93W 요란 발표! 20호 태풍 너구리 잇따라! 미탁 피해속출! 부산 산사태! 폭우 침수 피해시 주의점! : 네이,F,3,"사무직 (일반사무직, 공무원, 직업군인)",300~399만원,아니오,          ,연립주택/ 다세대/ 빌라,부산,해운대구,재송2동,
산사태,(10.4. 밤 9시 추가) 19호 태풍 하기비스 경로! 트로피칼 93W 요란 발표! 20호 태풍 너구리 잇따라! 미탁 피해속출! 부산 산사태! 폭우 침수 피해시 주의점! : 네이,M,3,"사무직 (일반사무직, 공무원, 직업군인)",400~499만원,예    ,자녀 있음 ,아파트/ 주상복합,부산,동래구,안락2동,"준대형차 (그랜저, K7, 알페온, 캠리급, 파사트급 등)"
산사태,(10.4. 밤 9시 추가) 19호 태풍 하기비스 경로! 트로피칼 93W 요란 발표! 20호 태풍 너구리 잇따라! 미탁 피해속출! 부산 산사태! 폭우 침수 피해시 주의점! : 네이,M,3,"사무직 (일반사무직, 공무원, 직업군인)",400~499만원,예    ,자녀 있음 ,아파트/ 주상복합,부산,동래구,안락2동,"준대형차 (그랜저, K7, 알페온, 캠리급, 파사트급 등)"
산사태,(10.4. 밤 9시 추가) 19호 태풍 하기비스 경로! 트로피칼 93W 요란 발표! 20호 태풍 너구리 잇따라! 미탁 피해속출! 부산 산사태! 폭우 침수 피해시 주의점! : 네이,M,4,"사무직 (일반사무직, 공무원, 직업군인)",900~999만원,예    ,자녀 있음 ,아파트/ 주상복합,서울,송파구,송파1동,"중형차 (쏘나타, K5, 말리부, 골프급 등)"
산사태,(10.4. 밤 9시 추가) 19호 태풍 하기비스 경로! 트로피칼 93W 요란 발표! 20호 태풍 너구리 잇따라! 미탁 피해속출! 부산 산사태! 폭우 침수 피해시 주의점! : 네이,M,4,"사무직 (일반사무직, 공무원, 직업군인)",900~999만원,예    ,자녀 있음 ,아파트/ 주상복합,서울,송파구,송파1동,"중형차 (쏘나타, K5, 말리부, 골프급 등)"
산사태,태풍링링오는데속살드러낸용인석성산…산사태공포,F,4,,,      ,          ,,서울,영등포구,양평동,
산사태,(10.4. 밤 9시 추가) 19호 태풍 하기비스 경로! 트로피칼 93W 요란 발표! 20호 태풍 너구리 잇따라! 미탁 피해속출! 부산 산사태! 폭우 침수 피해시 주의점! : 네이,M,4,"사무직 (일반사무직, 공무원, 직업군인)",400~499만원,예    ,자녀 있음 ,연립주택/ 다세대/ 빌라,부산,동구,좌천동,"중형차 (쏘나타, K5, 말리부, 골프급 등)"
산사태,(10.4. 밤 9시 추가) 19호 태풍 하기비스 경로! 트로피칼 93W 요란 발표! 20호 태풍 너구리 잇따라! 미탁 피해속출! 부산 산사태! 폭우 침수 피해시 주의점! : 네이,M,4,"사무직 (일반사무직, 공무원, 직업군인)",400~499만원,예    ,자녀 있음 ,연립주택/ 다세대/ 빌라,부산,동구,좌천동,"중형차 (쏘나타, K5, 말리부, 골프급 등)"
산사태,"폭염,호우,수난사고,산사태,추락사고,화학물사고중점관리",M,5,기타 ,"1,000만원 이상",예    ,자녀 있음 ,단독주택,광주,북구,두암1동,"준중형SUV (투싼, 스포티지, QM5, 티구안급 등)"
산사태,"청주폭우290mm물폭탄산사태홍수주의보…침수피해속출,무심천아찔",M,4,"생산/노무직 (생산감독, 경비원, 공장근로자)",400~499만원,아니오,          ,아파트/ 주상복합,경기,의왕시,왕곡동,
산사태,"제18호태풍미탁,부산사하구에산사태일으켜…4명매몰돼구조중",M,2,"농/축/광/수산업 (축산, 낙농업, 수산, 임업, 광업)",200~299만원,아니오,          ,아파트/ 주상복합,전남,여수시,고소동,
산사태,태풍링링오는데속살드러낸용인석성산…산사태공포,M,5,,,      ,          ,,인천,남동구,구월2동,
산림재해,"파주시,해빙기산림재해우려지역안전점검실시!",M,4,"관리직 (사장, 간부, 고위공무원)",700~799만원,예    ,자녀 없음 ,연립주택/ 다세대/ 빌라,서울,구로구,신도림동,
산사태,태풍링링오는데속살드러낸용인석성산…산사태공포,F,2,무직,500~599만원,아니오,          ,아파트/ 주상복합,인천,서구,당하동,
산사태,"제18호태풍미탁,부산사하구에산사태일으켜…4명매몰돼구조중",M,2,무직,400~499만원,아니오,          ,연립주택/ 다세대/ 빌라,서울,중랑구,망우3동,"중형차 (쏘나타, K5, 말리부, 골프급 등)"
산사태,태풍및집중호우시산사태대비국민행동요령,F,3,"전문직 (의사, 판검사, 예술가, 종교인)",500~599만원,아니오,          ,아파트/ 주상복합,서울,관악구,봉천동,
산사태,"제18호태풍미탁,부산사하구에산사태일으켜…4명매몰돼구조중",F,4,"자영업 (도소매업, 숙박업, 미용업)","1,000만원 이상",아니오,          ,아파트/ 주상복합,경기,의정부시,낙양동,"준대형차 (그랜저, K7, 알페온, 캠리급, 파사트급 등)"
산사태,태풍및집중호우시산사태대비국민행동요령,F,4,"사무직 (일반사무직, 공무원, 직업군인)",400~499만원,예    ,자녀 있음 ,아파트/ 주상복합,서울,마포구,용강동,
산사태,"폭염,호우,수난사고,산사태,추락사고,화학물사고중점관리",F,3,,,      ,          ,,경기,부천시 소사구,소사본2동,
산사태,"청주폭우290mm물폭탄산사태홍수주의보…침수피해속출,무심천아찔",M,2,"사무직 (일반사무직, 공무원, 직업군인)",700~799만원,아니오,          ,연립주택/ 다세대/ 빌라,경기,성남시 중원구,상대원1동,
산림재해,"울릉군,산림재해일자리안전교육실시",M,3,"전문직 (의사, 판검사, 예술가, 종교인)",300~399만원,예    ,자녀 있음 ,아파트/ 주상복합,강원,고성군,간성읍,"준중형차 (아반떼, K3, 크루즈, 제타급 등)"
산사태,태풍링링오는데속살드러낸용인석성산…산사태공포,M,2,"관리직 (사장, 간부, 고위공무원)",200~299만원,아니오,          ,아파트/ 주상복합,서울,금천구,독산1동,"중형차 (쏘나타, K5, 말리부, 골프급 등)"
산사태,(10.4. 밤 9시 추가) 19호 태풍 하기비스 경로! 트로피칼 93W 요란 발표! 20호 태풍 너구리 잇따라! 미탁 피해속출! 부산 산사태! 폭우 침수 피해시 주의점! : 네이,M,4,"사무직 (일반사무직, 공무원, 직업군인)",900~999만원,예    ,자녀 있음 ,아파트/ 주상복합,서울,송파구,송파1동,"중형차 (쏘나타, K5, 말리부, 골프급 등)"
산사태,(10.4. 밤 9시 추가) 19호 태풍 하기비스 경로! 트로피칼 93W 요란 발표! 20호 태풍 너구리 잇따라! 미탁 피해속출! 부산 산사태! 폭우 침수 피해시 주의점! : 네이,M,4,"사무직 (일반사무직, 공무원, 직업군인)",900~999만원,예    ,자녀 있음 ,아파트/ 주상복합,서울,송파구,송파1동,"중형차 (쏘나타, K5, 말리부, 골프급 등)"
산사태,태풍링링오는데속살드러낸용인석성산…산사태공포,M,3,,,      ,          ,,서울,관악구,서림동,
산사태,"폭염,호우,수난사고,산사태,추락사고,화학물사고중점관리",F,3,"전문직 (의사, 판검사, 예술가, 종교인)",500~599만원,예    ,자녀 없음 ,아파트/ 주상복합,서울,동작구,신대방2동,"준중형차 (아반떼, K3, 크루즈, 제타급 등)"
산사태,"폭염,호우,수난사고,산사태,추락사고,화학물사고중점관리",M,3,"전문직 (의사, 판검사, 예술가, 종교인)",300~399만원,예    ,자녀 있음 ,단독주택,경기,안산시 단원구,고잔동,"준중형차 (아반떼, K3, 크루즈, 제타급 등)"
산사태,(10.4. 밤 9시 추가) 19호 태풍 하기비스 경로! 트로피칼 93W 요란 발표! 20호 태풍 너구리 잇따라! 미탁 피해속출! 부산 산사태! 폭우 침수 피해시 주의점! : 네이,M,4,"사무직 (일반사무직, 공무원, 직업군인)",900~999만원,예    ,자녀 있음 ,아파트/ 주상복합,서울,송파구,송파1동,"중형차 (쏘나타, K5, 말리부, 골프급 등)"
산사태,(10.4. 밤 9시 추가) 19호 태풍 하기비스 경로! 트로피칼 93W 요란 발표! 20호 태풍 너구리 잇따라! 미탁 피해속출! 부산 산사태! 폭우 침수 피해시 주의점! : 네이,M,4,"사무직 (일반사무직, 공무원, 직업군인)",900~999만원,예    ,자녀 있음 ,아파트/ 주상복합,서울,송파구,송파1동,"중형차 (쏘나타, K5, 말리부, 골프급 등)"
산림재해,"파주시,해빙기산림재해우려지역안전점검실시!",F,4,,,      ,          ,,경기,고양시 덕양구,토당동,
산사태,태풍링링오는데속살드러낸용인석성산…산사태공포,F,4,"주부 (전업주부, 파트타임 근무 주부)",600~699만원,예    ,자녀 있음 ,아파트/ 주상복합,충남,천안시 서북구,쌍용2동,
산사태,태풍및집중호우시산사태대비국민행동요령,M,4,,,      ,          ,,서울,강남구,압구정동,
산사태,태풍및집중호우시산사태대비국민행동요령,F,4,,,      ,          ,,경기,용인시 기흥구,고매동,
산사태,태풍링링오는데속살드러낸용인석성산…산사태공포,M,4,"사무직 (일반사무직, 공무원, 직업군인)",400~499만원,예    ,자녀 있음 ,아파트/ 주상복합,서울,서초구,서초2동,"준중형차 (아반떼, K3, 크루즈, 제타급 등)"
산사태,"제18호태풍미탁,부산사하구에산사태일으켜…4명매몰돼구조중",F,2,,,      ,          ,,서울,서대문구,홍제동,
산사태,태풍링링오는데속살드러낸용인석성산…산사태공포,F,4,"주부 (전업주부, 파트타임 근무 주부)",400~499만원,예    ,자녀 있음 ,아파트/ 주상복합,서울,구로구,고척동,"중형SUV (싼타페, 쏘렌토, 캡티바, BMW X3급 등)"
산림재해,"파주시,해빙기산림재해우려지역안전점검실시!",F,4,"전문직 (의사, 판검사, 예술가, 종교인)","1,000만원 이상",예    ,자녀 있음 ,아파트/ 주상복합,서울,영등포구,영등포본동,"중형SUV (싼타페, 쏘렌토, 캡티바, BMW X3급 등)"
산사태,태풍및집중호우시산사태대비국민행동요령,M,2,"사무직 (일반사무직, 공무원, 직업군인)",200~299만원,아니오,          ,아파트/ 주상복합,대구,달성군,다사읍,"중형차 (쏘나타, K5, 말리부, 골프급 등)"
산사태,"제18호태풍미탁,부산사하구에산사태일으켜…4명매몰돼구조중",M,2,"생산/노무직 (생산감독, 경비원, 공장근로자)",200~299만원,아니오,          ,연립주택/ 다세대/ 빌라,대전,유성구,장대동,
산림재해,"파주시,해빙기산림재해우려지역안전점검실시!",M,3,"생산/노무직 (생산감독, 경비원, 공장근로자)",300~399만원,예    ,자녀 있음 ,연립주택/ 다세대/ 빌라,전북,전주시 덕진구,송천동1가,"중형SUV (싼타페, 쏘렌토, 캡티바, BMW X3급 등)"
산사태,"폭염,호우,수난사고,산사태,추락사고,화학물사고중점관리",M,4,"기능직 (자동차정비, 운전기사, 안경사, 택시기사)",500~599만원,예    ,자녀 있음 ,아파트/ 주상복합,서울,성북구,동소문동4가,"준중형SUV (투싼, 스포티지, QM5, 티구안급 등)"
산사태,태풍및집중호우시산사태대비국민행동요령,M,3,"판매직 (상점점원, 보험설계사, 노점상)",400~499만원,예    ,자녀 있음 ,아파트/ 주상복합,전북,군산시,나운2동,"중형SUV (싼타페, 쏘렌토, 캡티바, BMW X3급 등)"
산림재해,"울릉군,산림재해일자리안전교육실시",M,2,,,      ,          ,,경북,안동시,태화동,
산림재해,"울릉군,산림재해일자리안전교육실시",F,5,,,      ,          ,,경기,부천시 원미구,중동,
산사태,태풍및집중호우시산사태대비국민행동요령,M,2,무직,100만원 미만,아니오,          ,단독주택,인천,부평구,부평5동,
산사태,태풍및집중호우시산사태대비국민행동요령,M,3,,,      ,          ,,인천,연수구,송도동,
산림재해,"파주시,해빙기산림재해우려지역안전점검실시!",F,4,무직,200~299만원,예    ,자녀 있음 ,연립주택/ 다세대/ 빌라,서울,도봉구,쌍문1동,
산사태,"대형 태풍 하기비스 일본 직격...사망·행불 20여명, 산사태·하천 범람 잇따라",M,5,"사무직 (일반사무직, 공무원, 직업군인)",800~899만원,예    ,자녀 있음 ,아파트/ 주상복합,서울,중랑구,상봉1동,"대형차 (제너시스, BMW5급 등)"
산사태,"대형 태풍 하기비스 일본 직격...사망·행불 20여명, 산사태·하천 범람 잇따라",F,4,"판매직 (상점점원, 보험설계사, 노점상)",300~399만원,예    ,자녀 있음 ,아파트/ 주상복합,인천,중구,송월동2가,
산사태,"대형 태풍 하기비스 일본 직격...사망·행불 20여명, 산사태·하천 범람 잇따라",F,2,"학생 (초중고학생, 대학생, 대학원생)",300~399만원,아니오,          ,아파트/ 주상복합,서울,동대문구,장안동,
산림재해,"파주시,해빙기산림재해우려지역안전점검실시!",M,5,"전문직 (의사, 판검사, 예술가, 종교인)",500~599만원,예    ,자녀 있음 ,연립주택/ 다세대/ 빌라,서울,강남구,삼성2동,"중형차 (쏘나타, K5, 말리부, 골프급 등)"
산림재해,"파주시,해빙기산림재해우려지역안전점검실시!",M,2,"전문직 (의사, 판검사, 예술가, 종교인)",700~799만원,아니오,          ,아파트/ 주상복합,대전,유성구,반석동,
산사태,"제18호태풍미탁,부산사하구에산사태일으켜…4명매몰돼구조중",M,3,"사무직 (일반사무직, 공무원, 직업군인)",400~499만원,아니오,          ,연립주택/ 다세대/ 빌라,서울,송파구,잠실본동,
산사태,"제18호태풍미탁,부산사하구에산사태일으켜…4명매몰돼구조중",F,3,,,      ,          ,,경기,성남시 수정구,신흥2동,
산사태,"제18호태풍미탁,부산사하구에산사태일으켜…4명매몰돼구조중",M,3,,,      ,          ,,경기,고양시 덕양구,고양동,"준중형차 (아반떼, K3, 크루즈, 제타급 등)"
산사태,"청주폭우290mm물폭탄산사태홍수주의보…침수피해속출,무심천아찔",M,3,"사무직 (일반사무직, 공무원, 직업군인)","1,000만원 이상",예    ,자녀 없음 ,아파트/ 주상복합,충북,청주시 흥덕구,복대동,"대형차 (제너시스, BMW5급 등)"
산사태,"폭염,호우,수난사고,산사태,추락사고,화학물사고중점관리",F,5,,,      ,          ,,서울,동작구,흑석동,
산림재해,"울릉군,산림재해일자리안전교육실시",F,4,,,      ,          ,,서울,영등포구,당산동5가,
산사태,"제18호태풍미탁,부산사하구에산사태일으켜…4명매몰돼구조중",F,3,"사무직 (일반사무직, 공무원, 직업군인)",600~699만원,예    ,자녀 있음 ,아파트/ 주상복합,서울,송파구,잠실3동,"준대형차 (그랜저, K7, 알페온, 캠리급, 파사트급 등)"
산사태,"청주폭우290mm물폭탄산사태홍수주의보…침수피해속출,무심천아찔",F,4,,,      ,          ,,경기,용인시 기흥구,영덕동,
산사태,태풍및집중호우시산사태대비국민행동요령,M,3,"사무직 (일반사무직, 공무원, 직업군인)","1,000만원 이상",아니오,          ,연립주택/ 다세대/ 빌라,서울,송파구,잠실동,"경차 (모닝, 스파크 등)"
산사태,"청주폭우290mm물폭탄산사태홍수주의보…침수피해속출,무심천아찔",M,3,,,      ,          ,,경기,용인시 수지구,죽전2동,
산사태,"제18호태풍미탁,부산사하구에산사태일으켜…4명매몰돼구조중",M,4,,,      ,          ,,전남,나주시,대호동,
산림재해,"울릉군,산림재해일자리안전교육실시",M,3,"사무직 (일반사무직, 공무원, 직업군인)",300~399만원,아니오,          ,연립주택/ 다세대/ 빌라,대전,동구,용운동,
산사태,태풍및집중호우시산사태대비국민행동요령,F,4,,,      ,          ,,경기,화성시,동탄면,
산사태,태풍및집중호우시산사태대비국민행동요령,M,5,"관리직 (사장, 간부, 고위공무원)",600~699만원,예    ,자녀 있음 ,단독주택,대구,달서구,장기동,"중형차 (쏘나타, K5, 말리부, 골프급 등)"
산사태,태풍및집중호우시산사태대비국민행동요령,M,4,"사무직 (일반사무직, 공무원, 직업군인)",500~599만원,예    ,자녀 없음 ,아파트/ 주상복합,대전,동구,가오동,"중형차 (쏘나타, K5, 말리부, 골프급 등)"
산사태,태풍링링오는데속살드러낸용인석성산…산사태공포,M,3,,,      ,          ,,서울,은평구,불광1동,
산사태,태풍링링오는데속살드러낸용인석성산…산사태공포,M,3,"사무직 (일반사무직, 공무원, 직업군인)",300~399만원,예    ,자녀 있음 ,연립주택/ 다세대/ 빌라,서울,은평구,역촌동,"준중형차 (아반떼, K3, 크루즈, 제타급 등)"
산림재해,"파주시,해빙기산림재해우려지역안전점검실시!",M,2,무직,500~599만원,아니오,          ,연립주택/ 다세대/ 빌라,경기,성남시 분당구,수내3동,
산사태,"제18호태풍미탁,부산사하구에산사태일으켜…4명매몰돼구조중",M,3,"자영업 (도소매업, 숙박업, 미용업)",300~399만원,아니오,          ,아파트/ 주상복합,광주,북구,두암3동,
산사태,태풍링링오는데속살드러낸용인석성산…산사태공포,F,3,"사무직 (일반사무직, 공무원, 직업군인)",400~499만원,예    ,자녀 있음 ,아파트/ 주상복합,경기,수원시 팔달구,화서동,"중형차 (쏘나타, K5, 말리부, 골프급 등)"
산불,산불로 전재산 날려도···태풍 피해자에 손길 건넨 강원 주민들,F,5,"주부 (전업주부, 파트타임 근무 주부)",400~499만원,예    ,자녀 있음 ,아파트/ 주상복합,대전,중구,유천2동,"준중형차 (아반떼, K3, 크루즈, 제타급 등)"
산림재해,"울릉군,산림재해일자리안전교육실시",M,3,"전문직 (의사, 판검사, 예술가, 종교인)",100~199만원,아니오,          ,아파트/ 주상복합,경기,용인시 수지구,상현동,기타 (승합차/트럭/화물차/기타 차량 등)
산림재해,"울릉군,산림재해일자리안전교육실시",F,5,"주부 (전업주부, 파트타임 근무 주부)",200~299만원,예    ,자녀 있음 ,아파트/ 주상복합,대전,동구,홍도동,
산사태,태풍및집중호우시산사태대비국민행동요령,F,4,"주부 (전업주부, 파트타임 근무 주부)",400~499만원,예    ,자녀 없음 ,아파트/ 주상복합,서울,강서구,화곡4동,
산사태,"청주폭우290mm물폭탄산사태홍수주의보…침수피해속출,무심천아찔",M,2,"학생 (초중고학생, 대학생, 대학원생)",100~199만원,아니오,          ,아파트/ 주상복합,경기,군포시,광정동,
산사태,"제18호태풍미탁,부산사하구에산사태일으켜…4명매몰돼구조중",M,3,"판매직 (상점점원, 보험설계사, 노점상)",100~199만원,아니오,          ,단독주택,서울,양천구,신정4동,
산사태,"제18호태풍미탁,부산사하구에산사태일으켜…4명매몰돼구조중",M,3,,,      ,          ,,대전,유성구,계산동,
산사태,"청주폭우290mm물폭탄산사태홍수주의보…침수피해속출,무심천아찔",F,4,"주부 (전업주부, 파트타임 근무 주부)",200~299만원,예    ,자녀 있음 ,아파트/ 주상복합,강원,태백시,황지동,
산사태,태풍링링오는데속살드러낸용인석성산…산사태공포,M,3,"사무직 (일반사무직, 공무원, 직업군인)",400~499만원,아니오,          ,단독주택,부산,연제구,거제3동,"중형차 (쏘나타, K5, 말리부, 골프급 등)"
산림재해,"울릉군,산림재해일자리안전교육실시",M,4,"자영업 (도소매업, 숙박업, 미용업)",200~299만원,예    ,자녀 있음 ,아파트/ 주상복합,서울,동작구,대방동,"MPV (카니발, 올란도, 피카소급, 오딧세이 등)"
산사태,"제18호태풍미탁,부산사하구에산사태일으켜…4명매몰돼구조중",F,3,"교직 (교사, 유치원교사, 학원강사)",400~499만원,예    ,자녀 있음 ,아파트/ 주상복합,서울,동대문구,제기동,
산사태,"제18호태풍미탁,부산사하구에산사태일으켜…4명매몰돼구조중",M,4,,,      ,          ,,서울,노원구,하계동,
산사태,"청주폭우290mm물폭탄산사태홍수주의보…침수피해속출,무심천아찔",M,2,,,      ,          ,,서울,구로구,신도림동,
산사태,태풍및집중호우시산사태대비국민행동요령,M,5,,,      ,          ,,서울,동대문구,장안2동,
산사태,"폭염,호우,수난사고,산사태,추락사고,화학물사고중점관리",F,4,,,      ,          ,,서울,동작구,대방동,
산사태,태풍링링오는데속살드러낸용인석성산…산사태공포,F,5,"사무직 (일반사무직, 공무원, 직업군인)",500~599만원,예    ,자녀 있음 ,연립주택/ 다세대/ 빌라,대전,서구,내동,
산사태,"청주폭우290mm물폭탄산사태홍수주의보…침수피해속출,무심천아찔",M,2,,,      ,          ,,경기,성남시 중원구,중동,
산림재해,"파주시,해빙기산림재해우려지역안전점검실시!",F,4,"서비스직 (요식업, 숙박업, 미용실종업원)",500~599만원,아니오,          ,단독주택,서울,동작구,사당1동,
산림재해,"파주시,해빙기산림재해우려지역안전점검실시!",M,4,무직,100만원 미만,아니오,          ,기타 ,경북,상주시,신봉동,
산림재해,"파주시,해빙기산림재해우려지역안전점검실시!",M,3,,,      ,          ,,충남,서산시,운산면,
산사태,"청주폭우290mm물폭탄산사태홍수주의보…침수피해속출,무심천아찔",F,4,"주부 (전업주부, 파트타임 근무 주부)",400~499만원,예    ,자녀 있음 ,아파트/ 주상복합,경기,하남시,신장2동,"중형차 (쏘나타, K5, 말리부, 골프급 등)"
산사태,"폭염,호우,수난사고,산사태,추락사고,화학물사고중점관리",M,2,"학생 (초중고학생, 대학생, 대학원생)",200~299만원,아니오,          ,아파트/ 주상복합,경기,시흥시,은행동,"소형차 (액센트, 프라이드, 아베오, 피아트급 등)"
